"","ID","Sequence"
"1",">ND3.4-H2","CATTAGGAATAGTATATGCAATAGTAACTATTGGAGTTATAGGATTTGTTGTATGAGGGCATCATATATTTACTGTTGGAATAGATGTAGATACTCGAGCATATTTTACTTCTGCTACAATAGTAATTGCCATTCCTACAGGAATTAAAATTTTTAGATGATTGGCTACAATAAGAGGTAGGAAGATTGAATTAAATATTACAAATTTATGAGCTTTAGGATTTATTTTTTTATTTACTATTGGTGGGTTAACTGGAGTAGTATTAGCTAATTCATCTTTAGATATTATTCTTCATGATACTTATTATGTTGTTGCTCATTTTCATTATGTTTTATCAATAGGAGCTGTTTATGCAATTTTTGGAAGATTTATTTATTGGTTTCCATTATTTAGTGGTGTAAGAATAAATCAAAAATTATTAAAAATTCATTTTATTTTATTATTTTTAGGAGTTAACATAACCTTTTTTCCTCAACATTTTTTAGGATTGAGGGGTATGCCACGGCGGTACTCTGATTATCCAGATGTTTATTTAAGGTGAAATTTACTGTCTTCAATTGGGGCATTTATTTCATTTATTTCTACTTTATTATTCATATATATTTTATGAGAAGCATTAATTAGTCAACGAACAGTTGTATTTTTAAAAAAAATAAATACTTCTTTAGAATGATTAGTTTCTTA"
"2",">ND3.5-H2","CATTAGGAATAGTATATGCAATAGTAACTATTGGAGTTATAGGATTTGTTGTATGAGGGCATCATATATTTACTGTTGGAATAGATGTAGATACTCGAGCATATTTTACTTCTGCTACAATAGTAATTGCCATTCCTACAGGAATTAAAATTTTTAGATGATTGGCTACAATAAGAGGTAGGAAGATTGAATTAAATATTACAAATTTATGAGCTTTAGGATTTATTTTTTTATTTACTATTGGTGGGTTAACTGGAGTAGTATTAGCTAATTCATCTTTAGATATTATTCTTCATGATACTTATTATGTTGTTGCTCATTTTCATTATGTTTTATCAATAGGAGCTGTTTATGCAATTTTTGGAAGATTTATTTATTGGTTTCCATTATTTAGTGGTGTAAGAATAAATCAAAAATTATTAAAAATTCATTTTATTTTATTATTTTTAGGAGTTAACATAACCTTTTTTCCTCAACATTTTTTAGGATTGAGGGGTATGCCACGGCGGTACTCTGATTATCCAGATGTTTATTTAAGGTGAAATTTACTGTCTTCAATTGGGGCATTTATTTCATTTATTTCTACTTTATTATTCATATATATTTTATGAGAAGCATTAATTAGTCAACGAACAGTTGTATTTTTAAAAAAAATAAATACTTCTTTAGAATGATTAGTTTCTTA"
"3",">ND8.1-H3","CATTAGGAATAGTATATGCAATAGTAACTATTGGAGTTATAGGATTTGTTGTATGAGGGCATCATATATTTACTGTTGGAATAGATGTAGATACTCGAGCATATTTTACTTCTGCTACAATAGTAATTGCCATTCCTACAGGAATTAAAATTTTTAGATGATTGGCTACAATAAGAGGTAGGAAGATTGAATTAAATGTTACAAATTTATGAGCTTTAGGATTTATTTTTTTATTTACTATTGGTGGGTTAACTGGAGTAGTATTAGCTAATTCATCTTTAGATATTATTCTTCATGATACTTATTATGTTGTTGCTCATTTTCATTATGTTTTATCAATAGGAGCTGTTTATGCAATTTTTGGAAGATTTATTTATTGGTTTCCATTATTTAGTGGTGTAAGAATAAATCAAAAATTATTAAAAATTCATTTTATTTTATTATTTTTAGGAGTTAACATAACCTTTTTTCCTCAACATTTTTTAGGATTGAGGGGTATGCCACGGCGGTACTCTGATTATCCAGATGTTTATTTAAGGTGAAATTTACTGTCTTCAATTGGGGCATTTATTTCATTTATTTCTACTTTATTATTCATATATATTTTATGAGAAGCATTAATTAGTCAACGAACAGTTGTATTTTTAAAAAAAATAAATACTTCTTTAGAATGATTAGTTTCTTA"
"4",">ND8.8-H5","CATTAGGAATAGTATATGCAATAGTAACTATTGGAGTTATAGGATTTGTTGTATGAGGGCATCATATATTTACTGTTGGAATAGATGTAGATACTCGAGCATATTTTACTTCTGCTACAATAGTAATTGCCATTCCTACAGGAATTAAAATTTTTAGATGATTGGCTACAATAAGAGGTAGGAAGATTGAATTAAATGTTACAAATTTATGAGCTTTAGGATTTATTTTTTTATTTACTATTGGTGGGTTAACTGGAGTAGTATTAGCTAATTCATCTTTAGATATTATTCTTCATGATACTTATTATGTTGTTGCTCATTTTCATTATGTTTTATCAATAGGAGCTGTTTATGCAATTTTTGGAAGATTTATTTATTGGTTTCCATTATTTAGTGGTGTAAGAATAAATCAAAAATTATTAAAAATTCATTTTATTTTATTATTTTTAGGAGTTAACATAACCTTTTTTCCTCAACATTTTTTAGGATTGAGGGGTATGCCACGGCGGTACTCTGATTATCCAGATGTTTATTTAAGGTGAAATTTATTGTCTTCAATTGGGGCATTTATTTCATTTATTTCTACTTTATTATTCATATATATTTTATGAGAAGCATTAATTAGTCAACGAACAGTTGTATTTTTAAAAAAAATAAATACTTCTTTAGAATGATTAGTTTCTTA"
"5",">ND4.1-H6","CATTAGGAATAGTATATGCAATAGTAACTATTGGAGTTATAGGATTTGTTGTATGAGGGCATCATATATTTACTGTTGGAATAGATGTAGATACTCGAGCATATTTTACTTCTGCTACAATAGTAATTGCCATTCCTACAGGAATTAAAATTTTTAGATGATTGGCTACAATAAGAGGTAGGAAGATTGAATTAAATGTTACAAATTTATGAGCTTTAGGATTTATTTTTTTATTTACTATTGGTGGGTTAACTGGAGTAGTATTAGCTAATTCATCTTTAGATATTATTCTTCATGATACTTATTATGTTGTTGCTCATTTTCATTATGTTTTATCAATAGGAGCTGTTTATGCAATTTTTGGAAGATTTATTTATTGGTTTCCATTATTTAGTGGTGTAAGAATAAATCAAAAATTATTAAAAATTCATTTTATTTTATTATTTTTAGGAGTTAACATAACTTTTTTTCCTCAACATTTTTTAGGATTGAGGGGTATACCACGGCGGTACTCTGATTATCCAGATGTTTATTTAAGGTGAAATTTATTGTCTTCAATTGGGGCATTTATTTCATTTATTTCTACTTTATTATTCATATATATTTTATGAGAAGCATTAATTAGTCAACGAACAGTTGTATTTTTAAAAAAAATAAATACTTCTTTAGAATGATTAGTTTCTTA"
"6",">ND8.3-H6","CATTAGGAATAGTATATGCAATAGTAACTATTGGAGTTATAGGATTTGTTGTATGAGGGCATCATATATTTACTGTTGGAATAGATGTAGATACTCGAGCATATTTTACTTCTGCTACAATAGTAATTGCCATTCCTACAGGAATTAAAATTTTTAGATGATTGGCTACAATAAGAGGTAGGAAGATTGAATTAAATGTTACAAATTTATGAGCTTTAGGATTTATTTTTTTATTTACTATTGGTGGGTTAACTGGAGTAGTATTAGCTAATTCATCTTTAGATATTATTCTTCATGATACTTATTATGTTGTTGCTCATTTTCATTATGTTTTATCAATAGGAGCTGTTTATGCAATTTTTGGAAGATTTATTTATTGGTTTCCATTATTTAGTGGTGTAAGAATAAATCAAAAATTATTAAAAATTCATTTTATTTTATTATTTTTAGGAGTTAACATAACTTTTTTTCCTCAACATTTTTTAGGATTGAGGGGTATACCACGGCGGTACTCTGATTATCCAGATGTTTATTTAAGGTGAAATTTATTGTCTTCAATTGGGGCATTTATTTCATTTATTTCTACTTTATTATTCATATATATTTTATGAGAAGCATTAATTAGTCAACGAACAGTTGTATTTTTAAAAAAAATAAATACTTCTTTAGAATGATTAGTTTCTTA"
"7",">ND8.6-H6","CATTAGGAATAGTATATGCAATAGTAACTATTGGAGTTATAGGATTTGTTGTATGAGGGCATCATATATTTACTGTTGGAATAGATGTAGATACTCGAGCATATTTTACTTCTGCTACAATAGTAATTGCCATTCCTACAGGAATTAAAATTTTTAGATGATTGGCTACAATAAGAGGTAGGAAGATTGAATTAAATGTTACAAATTTATGAGCTTTAGGATTTATTTTTTTATTTACTATTGGTGGGTTAACTGGAGTAGTATTAGCTAATTCATCTTTAGATATTATTCTTCATGATACTTATTATGTTGTTGCTCATTTTCATTATGTTTTATCAATAGGAGCTGTTTATGCAATTTTTGGAAGATTTATTTATTGGTTTCCATTATTTAGTGGTGTAAGAATAAATCAAAAATTATTAAAAATTCATTTTATTTTATTATTTTTAGGAGTTAACATAACTTTTTTTCCTCAACATTTTTTAGGATTGAGGGGTATACCACGGCGGTACTCTGATTATCCAGATGTTTATTTAAGGTGAAATTTATTGTCTTCAATTGGGGCATTTATTTCATTTATTTCTACTTTATTATTCATATATATTTTATGAGAAGCATTAATTAGTCAACGAACAGTTGTATTTTTAAAAAAAATAAATACTTCTTTAGAATGATTAGTTTCTTA"
"8",">ND3.3-H12","CATTAGGAATAGTATATGCAATAGTAACTATTGGAGTTATAGGATTTGTTGTATGAGGGCATCATATATTTACTGTTGGAATAGATGTAGATACTCGAGCATATTTTACTTCTGCTACAATAGTAATTGCCATTCCTACAGGAATTAAAATTTTTAGATGATTGGCTACAATAAGAGGTAGGAAGATTGAATTAAATGTTACAAATTTATGAGCTTTAGGATTTATTTTTTTATTTACTATTGGTGGGTTAACTGGAGTAGTATTAGCTAATTCATCTTTAGATATTATTCTTCATGATACTTATTATGTTGTTGCTCATTTTCATTATGTTTTATCAATAGGAGCTGTTTATGCAATTTTTGGAAGATTTATTTATTGGTTTCCATTATTTAGTGGTGTAAGAATAAATCAAAAATTATTAAAAATTCATTTTATTTTATTATTTTTAGGAGTTAACATAACCTTTTTTCCTCAGCATTTTTTAGGATTGAGGGGTATGCCACGGCGGTACTCTGATTATCCAGATGTTTATTTAAGGTGAAATTTATTGTCTTCAATTGGGGCATTTATTTCATTTATTTCTACTTTATTATTCATATATATTTTATGAGAAGCATTAATTAGTCAACGAACAGTTGTATTTTTAAAAAAAATAAATACTTCTTTAGAATGATTAGTTTCTTA"
"9",">ND8.2-H13","CATTAGGAATAGTATATGCAATAGTAACTATTGGAGTTATAGGATTTGTTGTATGAGGGCACCATATATTTACTGTTGGAATAGATGTAGATACTCGAGCATATTTTACTTCTGCTACAATAGTAATTGCCATTCCTACAGGAATTAAAATTTTTAGATGATTGGCTACAATAAGAGGTAGGAAGATTGAATTAAATGTTACAAATTTATGAGCTTTAGGATTTATTTTTTTATTTACTATTGGTGGGTTAACTGGAGTAGTATTAGCTAATTCATCTTTAGATATTATTCTTCATGATACTTATTATGTTGTTGCTCATTTTCATTATGTTTTATCAATAGGAGCTGTTTATGCAATTTTTGGAAGATTTATTTATTGGTTTCCATTATTTAGTGGTGTAAGAATAAATCAAAAATTATTAAAAATTCATTTTATTTTATTATTTTTAGGAGTTAACATAACCTTTTTTCCTCAACATTTTTTAGGATTGAGGGGTATGCCACGGCGGTACTCTGATTATCCAGATGTTTATTTAAGGTGAAATTTATTGTCTTCAATTGGGGCATTTATTTCATTTATTTCTACTTTATTATTCATATATATTTTATGAGAAGCATTAATTAGTCAACGAACAGTTGTATTTTTAAAAAAAATAAATACTTCTTTAGAATGATTAGTTTCTTA"
"10",">ND11.1-H14","CATTAGGAATAGTATATGCAATAGTAACTATTGGAGTTATAGGATTTGTTGTATGAGGGCATCATATATTTACTGTTGGAATAGATGTAGATACTCGAGCGTATTTTACTTCTGCTACAATAGTAATTGCCATTCCTACAGGAATTAAAATTTTTAGATGATTGGCTACAATAAGAGGTAGGAAGATTGAATTAAATGTTACAAATTTATGAGCTTTAGGATTTATTTTTTTATTTACTATTGGTGGGTTAACTGGAGTAGTATTAGCTAATTCATCTTTAGATATTATTCTTCATGATACTTATTATGTTGTTGCTCATTTTCATTATGTTTTATCAATAGGAGCTGTTTATGCAATTTTTGGAAGATTTATTTATTGGTTTCCATTATTTAGTGGTGTAAGAATAAATCAAAAATTATTAAAAATTCATTTTATTTTATTATTTTTAGGAGTTAACATAACCTTTTTTCCTCAACATTTTTTAGGATTGAGGGGTATGCCACGGCGGTACTCTGATTATCCAGATGTTTATTTAAGGTGAAATTTATTGTCTTCAATTGGGGCATTTATTTCATTTATTTCTACTTTATTATTCATATATATTTTATGAGAAGCATTAATTAGTCAACGAACAGTTGTATTTTTAAAAAAAATAAATACTTCTTTAGAATGATTAGTTTCTTA"
"11",">SHA_F-H1","CATTAGGAATAGTATATGCAATAGTAACTATTGGAGTTATAGGATTTGTTGTATGAGGGCATCATATATTTACTGTTGGAATAGATGTAGATACTCGAGCATATTTTACTTCTGCTACAATAGTAATTGCCATTCCTACAGGAATTAAAATTTTTAGATGATTGGCTACAATAAGAGGTAGGAAGATTGAATTAAATGTTACAAATTTATGAGCTTTAGGATTTATTTTTTTATTTACTATTGGTGGGTTAACTGGAGTAGTGTTAGCTAATTCATCTTTAGATATTATTCTTCATGATACTTATTATGTTGTTGCTCATTTTCATTATGTTTTATCAATAGGAGCTGTTTATGCAATTTTTGGAAGATTTATTTATTGGTTTCCATTATTTAGTGGTGTAAGAATAAATCAAAAATTATTAAAAATTCATTTTATTTTATTATTTTTAGGAGTTAACATAACCTTTTTTCCTCAACATTTTTTAGGATTGAGGGGTATGCCACGGCGGTACTCTGATTATCCAGATGTTTATTTAAGGTGAAATTTATTGTCTTCAATTGGGGCATTTATTTCATTTATTTCTACTTTATTATTCATATATATTTTATGAGAAGCATTAATTAGTCAACGAACAGTTGTATTTTTAAAAAAAATAAATACTTCTTTAGAATGATTAGTTTCTTA"
"12",">SHA-B1-H2","CATTAGGAATAGTATATGCAATAGTAACTATTGGAGTTATAGGATTTGTTGTATGAGGGCATCATATATTTACTGTTGGAATAGATGTAGATACTCGAGCATATTTTACTTCTGCTACAATAGTAATTGCCATTCCTACAGGAATTAAAATTTTTAGATGATTGGCTACAATAAGAGGTAGGAAGATTGAATTAAATATTACAAATTTATGAGCTTTAGGATTTATTTTTTTATTTACTATTGGTGGGTTAACTGGAGTAGTATTAGCTAATTCATCTTTAGATATTATTCTTCATGATACTTATTATGTTGTTGCTCATTTTCATTATGTTTTATCAATAGGAGCTGTTTATGCAATTTTTGGAAGATTTATTTATTGGTTTCCATTATTTAGTGGTGTAAGAATAAATCAAAAATTATTAAAAATTCATTTTATTTTATTATTTTTAGGAGTTAACATAACCTTTTTTCCTCAACATTTTTTAGGATTGAGGGGTATGCCACGGCGGTACTCTGATTATCCAGATGTTTATTTAAGGTGAAATTTACTGTCTTCAATTGGGGCATTTATTTCATTTATTTCTACTTTATTATTCATATATATTTTATGAGAAGCATTAATTAGTCAACGAACAGTTGTATTTTTAAAAAAAATAAATACTTCTTTAGAATGATTAGTTTCTTA"
"13",">SHA_C1-H2","CATTAGGAATAGTATATGCAATAGTAACTATTGGAGTTATAGGATTTGTTGTATGAGGGCATCATATATTTACTGTTGGAATAGATGTAGATACTCGAGCATATTTTACTTCTGCTACAATAGTAATTGCCATTCCTACAGGAATTAAAATTTTTAGATGATTGGCTACAATAAGAGGTAGGAAGATTGAATTAAATATTACAAATTTATGAGCTTTAGGATTTATTTTTTTATTTACTATTGGTGGGTTAACTGGAGTAGTATTAGCTAATTCATCTTTAGATATTATTCTTCATGATACTTATTATGTTGTTGCTCATTTTCATTATGTTTTATCAATAGGAGCTGTTTATGCAATTTTTGGAAGATTTATTTATTGGTTTCCATTATTTAGTGGTGTAAGAATAAATCAAAAATTATTAAAAATTCATTTTATTTTATTATTTTTAGGAGTTAACATAACCTTTTTTCCTCAACATTTTTTAGGATTGAGGGGTATGCCACGGCGGTACTCTGATTATCCAGATGTTTATTTAAGGTGAAATTTACTGTCTTCAATTGGGGCATTTATTTCATTTATTTCTACTTTATTATTCATATATATTTTATGAGAAGCATTAATTAGTCAACGAACAGTTGTATTTTTAAAAAAAATAAATACTTCTTTAGAATGATTAGTTTCTTA"
"14",">SHA_A-H3","CATTAGGAATAGTATATGCAATAGTAACTATTGGAGTTATAGGATTTGTTGTATGAGGGCATCATATATTTACTGTTGGAATAGATGTAGATACTCGAGCATATTTTACTTCTGCTACAATAGTAATTGCCATTCCTACAGGAATTAAAATTTTTAGATGATTGGCTACAATAAGAGGTAGGAAGATTGAATTAAATGTTACAAATTTATGAGCTTTAGGATTTATTTTTTTATTTACTATTGGTGGGTTAACTGGAGTAGTATTAGCTAATTCATCTTTAGATATTATTCTTCATGATACTTATTATGTTGTTGCTCATTTTCATTATGTTTTATCAATAGGAGCTGTTTATGCAATTTTTGGAAGATTTATTTATTGGTTTCCATTATTTAGTGGTGTAAGAATAAATCAAAAATTATTAAAAATTCATTTTATTTTATTATTTTTAGGAGTTAACATAACCTTTTTTCCTCAACATTTTTTAGGATTGAGGGGTATGCCACGGCGGTACTCTGATTATCCAGATGTTTATTTAAGGTGAAATTTACTGTCTTCAATTGGGGCATTTATTTCATTTATTTCTACTTTATTATTCATATATATTTTATGAGAAGCATTAATTAGTCAACGAACAGTTGTATTTTTAAAAAAAATAAATACTTCTTTAGAATGATTAGTTTCTTA"
"15",">SHA-H-H4","CATTAGGAATAGTATATGCAATAGTAACTATTGGAGTTATAGGATTTGTTGTATGAGGGCATCATATATTTACTGTTGGAATAGATGTAGATACTCGAGCATATTTTACTTCTGCTACAATAGTAATTGCCATTCCTACAGGAATTAAAATTTTTAGATGATTGGCTACAATAAGAGGTAGGAAGATTGAATTAAATGTTACAAATTTATGAGCTTTAGGATTTATTTTTTTATTTACTATTGGCGGGTTAACTGGAGTAGTATTAGCTAATTCATCTTTAGATATTATTCTTCATGATACTTATTATGTTGTTGCTCATTTTCATTATGTTTTATCAATAGGAGCTGTTTATGCAATTTTTGGAAGATTTATTTATTGGTTTCCATTATTTAGTGGTGTAAGAATAAATCAAAAATTATTAAAAATTCATTTTATTTTATTATTTTTAGGAGTTAACATAACTTTTTTTCCTCAACATTTTTTAGGATTGAGGGGTATACCACGGCGGTACTCTGATTATCCAGATGTTTATTTAAGGTGAAATTTATTGTCTTCAATTGGGGCATTTATTTCATTTATTTCTACTTTATTATTCATATATATTTTATGAGAAGCATTAATTAGTCAACGAACAGTTGTATTTTTAAAAAAAATAAATACTTCTTTAGAATGATTAGTTTCTTA"
"16",">SHA_D1-H4","CATTAGGAATAGTATATGCAATAGTAACTATTGGAGTTATAGGATTTGTTGTATGAGGGCATCATATATTTACTGTTGGAATAGATGTAGATACTCGAGCATATTTTACTTCTGCTACAATAGTAATTGCCATTCCTACAGGAATTAAAATTTTTAGATGATTGGCTACAATAAGAGGTAGGAAGATTGAATTAAATGTTACAAATTTATGAGCTTTAGGATTTATTTTTTTATTTACTATTGGCGGGTTAACTGGAGTAGTATTAGCTAATTCATCTTTAGATATTATTCTTCATGATACTTATTATGTTGTTGCTCATTTTCATTATGTTTTATCAATAGGAGCTGTTTATGCAATTTTTGGAAGATTTATTTATTGGTTTCCATTATTTAGTGGTGTAAGAATAAATCAAAAATTATTAAAAATTCATTTTATTTTATTATTTTTAGGAGTTAACATAACTTTTTTTCCTCAACATTTTTTAGGATTGAGGGGTATACCACGGCGGTACTCTGATTATCCAGATGTTTATTTAAGGTGAAATTTATTGTCTTCAATTGGGGCATTTATTTCATTTATTTCTACTTTATTATTCATATATATTTTATGAGAAGCATTAATTAGTCAACGAACAGTTGTATTTTTAAAAAAAATAAATACTTCTTTAGAATGATTAGTTTCTTA"
"17",">SHA_I-H5","CATTAGGAATAGTATATGCAATAGTAACTATTGGAGTTATAGGATTTGTTGTATGAGGGCATCATATATTTACTGTTGGAATAGATGTAGATACTCGAGCATATTTTACTTCTGCTACAATAGTAATTGCCATTCCTACAGGAATTAAAATTTTTAGATGATTGGCTACAATAAGAGGTAGGAAGATTGAATTAAATGTTACAAATTTATGAGCTTTAGGATTTATTTTTTTATTTACTATTGGTGGGTTAACTGGAGTAGTATTAGCTAATTCATCTTTAGATATTATTCTTCATGATACTTATTATGTTGTTGCTCATTTTCATTATGTTTTATCAATAGGAGCTGTTTATGCAATTTTTGGAAGATTTATTTATTGGTTTCCATTATTTAGTGGTGTAAGAATAAATCAAAAATTATTAAAAATTCATTTTATTTTATTATTTTTAGGAGTTAACATAACCTTTTTTCCTCAACATTTTTTAGGATTGAGGGGTATGCCACGGCGGTACTCTGATTATCCAGATGTTTATTTAAGGTGAAATTTATTGTCTTCAATTGGGGCATTTATTTCATTTATTTCTACTTTATTATTCATATATATTTTATGAGAAGCATTAATTAGTCAACGAACAGTTGTATTTTTAAAAAAAATAAATACTTCTTTAGAATGATTAGTTTCTTA"
"18",">JX6.3-H1","CATTAGGAATAGTATATGCAATAGTAACTATTGGAGTTATAGGATTTGTTGTATGAGGGCATCATATATTTACTGTTGGAATAGATGTAGATACTCGAGCATATTTTACTTCTGCTACAATAGTAATTGCCATTCCTACAGGAATTAAAATTTTTAGATGATTGGCTACAATAAGAGGTAGGAAGATTGAATTAAATGTTACAAATTTATGAGCTTTAGGATTTATTTTTTTATTTACTATTGGTGGGTTAACTGGAGTAGTGTTAGCTAATTCATCTTTAGATATTATTCTTCATGATACTTATTATGTTGTTGCTCATTTTCATTATGTTTTATCAATAGGAGCTGTTTATGCAATTTTTGGAAGATTTATTTATTGGTTTCCATTATTTAGTGGTGTAAGAATAAATCAAAAATTATTAAAAATTCATTTTATTTTATTATTTTTAGGAGTTAACATAACCTTTTTTCCTCAACATTTTTTAGGATTGAGGGGTATGCCACGGCGGTACTCTGATTATCCAGATGTTTATTTAAGGTGAAATTTATTGTCTTCAATTGGGGCATTTATTTCATTTATTTCTACTTTATTATTCATATATATTTTATGAGAAGCATTAATTAGTCAACGAACAGTTGTATTTTTAAAAAAAATAAATACTTCTTTAGAATGATTAGTTTCTTA"
"19",">JX8.2-H1","CATTAGGAATAGTATATGCAATAGTAACTATTGGAGTTATAGGATTTGTTGTATGAGGGCATCATATATTTACTGTTGGAATAGATGTAGATACTCGAGCATATTTTACTTCTGCTACAATAGTAATTGCCATTCCTACAGGAATTAAAATTTTTAGATGATTGGCTACAATAAGAGGTAGGAAGATTGAATTAAATGTTACAAATTTATGAGCTTTAGGATTTATTTTTTTATTTACTATTGGTGGGTTAACTGGAGTAGTGTTAGCTAATTCATCTTTAGATATTATTCTTCATGATACTTATTATGTTGTTGCTCATTTTCATTATGTTTTATCAATAGGAGCTGTTTATGCAATTTTTGGAAGATTTATTTATTGGTTTCCATTATTTAGTGGTGTAAGAATAAATCAAAAATTATTAAAAATTCATTTTATTTTATTATTTTTAGGAGTTAACATAACCTTTTTTCCTCAACATTTTTTAGGATTGAGGGGTATGCCACGGCGGTACTCTGATTATCCAGATGTTTATTTAAGGTGAAATTTATTGTCTTCAATTGGGGCATTTATTTCATTTATTTCTACTTTATTATTCATATATATTTTATGAGAAGCATTAATTAGTCAACGAACAGTTGTATTTTTAAAAAAAATAAATACTTCTTTAGAATGATTAGTTTCTTA"
"20",">JX10.2-H4","CATTAGGAATAGTATATGCAATAGTAACTATTGGAGTTATAGGATTTGTTGTATGAGGGCATCATATATTTACTGTTGGAATAGATGTAGATACTCGAGCATATTTTACTTCTGCTACAATAGTAATTGCCATTCCTACAGGAATTAAAATTTTTAGATGATTGGCTACAATAAGAGGTAGGAAGATTGAATTAAATGTTACAAATTTATGAGCTTTAGGATTTATTTTTTTATTTACTATTGGCGGGTTAACTGGAGTAGTATTAGCTAATTCATCTTTAGATATTATTCTTCATGATACTTATTATGTTGTTGCTCATTTTCATTATGTTTTATCAATAGGAGCTGTTTATGCAATTTTTGGAAGATTTATTTATTGGTTTCCATTATTTAGTGGTGTAAGAATAAATCAAAAATTATTAAAAATTCATTTTATTTTATTATTTTTAGGAGTTAACATAACTTTTTTTCCTCAACATTTTTTAGGATTGAGGGGTATACCACGGCGGTACTCTGATTATCCAGATGTTTATTTAAGGTGAAATTTATTGTCTTCAATTGGGGCATTTATTTCATTTATTTCTACTTTATTATTCATATATATTTTATGAGAAGCATTAATTAGTCAACGAACAGTTGTATTTTTAAAAAAAATAAATACTTCTTTAGAATGATTAGTTTCTTA"
"21",">JX4.9-H5","CATTAGGAATAGTATATGCAATAGTAACTATTGGAGTTATAGGATTTGTTGTATGAGGGCATCATATATTTACTGTTGGAATAGATGTAGATACTCGAGCATATTTTACTTCTGCTACAATAGTAATTGCCATTCCTACAGGAATTAAAATTTTTAGATGATTGGCTACAATAAGAGGTAGGAAGATTGAATTAAATGTTACAAATTTATGAGCTTTAGGATTTATTTTTTTATTTACTATTGGTGGGTTAACTGGAGTAGTATTAGCTAATTCATCTTTAGATATTATTCTTCATGATACTTATTATGTTGTTGCTCATTTTCATTATGTTTTATCAATAGGAGCTGTTTATGCAATTTTTGGAAGATTTATTTATTGGTTTCCATTATTTAGTGGTGTAAGAATAAATCAAAAATTATTAAAAATTCATTTTATTTTATTATTTTTAGGAGTTAACATAACCTTTTTTCCTCAACATTTTTTAGGATTGAGGGGTATGCCACGGCGGTACTCTGATTATCCAGATGTTTATTTAAGGTGAAATTTATTGTCTTCAATTGGGGCATTTATTTCATTTATTTCTACTTTATTATTCATATATATTTTATGAGAAGCATTAATTAGTCAACGAACAGTTGTATTTTTAAAAAAAATAAATACTTCTTTAGAATGATTAGTTTCTTA"
"22",">JX6.4-H5","CATTAGGAATAGTATATGCAATAGTAACTATTGGAGTTATAGGATTTGTTGTATGAGGGCATCATATATTTACTGTTGGAATAGATGTAGATACTCGAGCATATTTTACTTCTGCTACAATAGTAATTGCCATTCCTACAGGAATTAAAATTTTTAGATGATTGGCTACAATAAGAGGTAGGAAGATTGAATTAAATGTTACAAATTTATGAGCTTTAGGATTTATTTTTTTATTTACTATTGGTGGGTTAACTGGAGTAGTATTAGCTAATTCATCTTTAGATATTATTCTTCATGATACTTATTATGTTGTTGCTCATTTTCATTATGTTTTATCAATAGGAGCTGTTTATGCAATTTTTGGAAGATTTATTTATTGGTTTCCATTATTTAGTGGTGTAAGAATAAATCAAAAATTATTAAAAATTCATTTTATTTTATTATTTTTAGGAGTTAACATAACCTTTTTTCCTCAACATTTTTTAGGATTGAGGGGTATGCCACGGCGGTACTCTGATTATCCAGATGTTTATTTAAGGTGAAATTTATTGTCTTCAATTGGGGCATTTATTTCATTTATTTCTACTTTATTATTCATATATATTTTATGAGAAGCATTAATTAGTCAACGAACAGTTGTATTTTTAAAAAAAATAAATACTTCTTTAGAATGATTAGTTTCTTA"
"23",">JX6.5-H6","CATTAGGAATAGTATATGCAATAGTAACTATTGGAGTTATAGGATTTGTTGTATGAGGGCATCATATATTTACTGTTGGAATAGATGTAGATACTCGAGCATATTTTACTTCTGCTACAATAGTAATTGCCATTCCTACAGGAATTAAAATTTTTAGATGATTGGCTACAATAAGAGGTAGGAAGATTGAATTAAATGTTACAAATTTATGAGCTTTAGGATTTATTTTTTTATTTACTATTGGTGGGTTAACTGGAGTAGTATTAGCTAATTCATCTTTAGATATTATTCTTCATGATACTTATTATGTTGTTGCTCATTTTCATTATGTTTTATCAATAGGAGCTGTTTATGCAATTTTTGGAAGATTTATTTATTGGTTTCCATTATTTAGTGGTGTAAGAATAAATCAAAAATTATTAAAAATTCATTTTATTTTATTATTTTTAGGAGTTAACATAACTTTTTTTCCTCAACATTTTTTAGGATTGAGGGGTATACCACGGCGGTACTCTGATTATCCAGATGTTTATTTAAGGTGAAATTTATTGTCTTCAATTGGGGCATTTATTTCATTTATTTCTACTTTATTATTCATATATATTTTATGAGAAGCATTAATTAGTCAACGAACAGTTGTATTTTTAAAAAAAATAAATACTTCTTTAGAATGATTAGTTTCTTA"
"24",">JX17.1-H10","CATTAGGAATAGTATATGCAATAGTAACTATTGGAGTTATAGGATTTGTTGTATGAGGGCATCATATATTTACTGTTGGAATAGATGTAGATACTCGAGCATATTTTACTTCTGCTACAATAGTAATTGCCATTCCTACAGGAATTAAAATTTTTAGATGATTGGCTACAATAAGAGGTAGGAAGATTGAATTAAATGTTACAAATTTATGAGCTTTAGGATTTATTTTTTTATTTACTATTGGTGGGTTAACTGGAGTAGTATTAGCTAATTCATCTTTAGATATTATTCTTCATGATACTTATTATGTTGTTGCTCATTTTCATTATGTTTTATCAATAGGAGCTGTTTATGCAATTTTTGGAAGATTTATTTATTGGTTTCCATTATTTAGTGGTGTAAGAATAAATCAAAAATTATTAAAAATTCATTTTATTTTATTATTTTTAGGAGTTAACATAACTTTTTTTCCTCAACATTTTTTAGGATTGAGGGGTATACCACGGCGGTATTCTGATTATCCAGATGTTTATTTAAGGTGAAATTTATTGTCTTCAATTGGGGCATTTATTTCATTTATTTCTACTTTATTATTCATATATATTTTATGAGAAGCATTAATTAGTCAACGAACAGTTGTATTTTTAAAAAAAATAAATACTTCTTTAGAATGATTAGTTTCTTA"
"25",">JX8.7-H11","CATTAGGAATAGTATATGCAATAGTAACTATTGGAGTTATAGGATTTGTTGTATGAGGGCATCATATATTTACTGTTGGAATAGATGTAGATACTCGAGCATATTTTACTTCTGCTACAATAGTAATTGCCATTCCTACAGGAATTAAAATTTTTAGATGATTGGCTACAATAAGAGGTAGGAAGATTGAATTAAATGTTACAAATTTATGAGCTTTAGGATTTATTTTTTTATTTACTATTGGTGGGTTAACTGGAGTAGTATTAGCTAATTCATCTTTAGATATTATTCTTCATGATACTTATTATGTTGTTGCTCATTTTCATTATGTTTTATCAATAGGAGCTGTTTATGCAATTTTTGGAAGATTTATTTATTGGTTTCCATTATTTAGTGGTGTAAGAATAAATCAAAAATTATTAAAAATTCATTTTATTTTATTATTTTTAGGAGTTAACATAACCTTTTTTCCTCAACATTTTTTAGGATTGAGGGGTATACCACGGCGGTACTCTGATTATCCAGATGTTTATTTAAGGTGAAATTTATTGTCTTCAATTGGGGCATTTATTTCATTTATTTCTACTTTATTATTCATATATATTTTATGAGAAGCATTAATTAGTCAACGAACAGTTGTATTTTTAAAAAAAATAAATACTTCTTTAGAGTGATTAGTTTCTTA"
"26",">JX15.4-H11","CATTAGGAATAGTATATGCAATAGTAACTATTGGAGTTATAGGATTTGTTGTATGAGGGCATCATATATTTACTGTTGGAATAGATGTAGATACTCGAGCATATTTTACTTCTGCTACAATAGTAATTGCCATTCCTACAGGAATTAAAATTTTTAGATGATTGGCTACAATAAGAGGTAGGAAGATTGAATTAAATGTTACAAATTTATGAGCTTTAGGATTTATTTTTTTATTTACTATTGGTGGGTTAACTGGAGTAGTATTAGCTAATTCATCTTTAGATATTATTCTTCATGATACTTATTATGTTGTTGCTCATTTTCATTATGTTTTATCAATAGGAGCTGTTTATGCAATTTTTGGAAGATTTATTTATTGGTTTCCATTATTTAGTGGTGTAAGAATAAATCAAAAATTATTAAAAATTCATTTTATTTTATTATTTTTAGGAGTTAACATAACCTTTTTTCCTCAACATTTTTTAGGATTGAGGGGTATACCACGGCGGTACTCTGATTATCCAGATGTTTATTTAAGGTGAAATTTATTGTCTTCAATTGGGGCATTTATTTCATTTATTTCTACTTTATTATTCATATATATTTTATGAGAAGCATTAATTAGTCAACGAACAGTTGTATTTTTAAAAAAAATAAATACTTCTTTAGAGTGATTAGTTTCTTA"
"27",">JX4.17-H13","CATTAGGAATAGTATATGCAATAGTAACTATTGGAGTTATAGGATTTGTTGTATGAGGGCACCATATATTTACTGTTGGAATAGATGTAGATACTCGAGCATATTTTACTTCTGCTACAATAGTAATTGCCATTCCTACAGGAATTAAAATTTTTAGATGATTGGCTACAATAAGAGGTAGGAAGATTGAATTAAATGTTACAAATTTATGAGCTTTAGGATTTATTTTTTTATTTACTATTGGTGGGTTAACTGGAGTAGTATTAGCTAATTCATCTTTAGATATTATTCTTCATGATACTTATTATGTTGTTGCTCATTTTCATTATGTTTTATCAATAGGAGCTGTTTATGCAATTTTTGGAAGATTTATTTATTGGTTTCCATTATTTAGTGGTGTAAGAATAAATCAAAAATTATTAAAAATTCATTTTATTTTATTATTTTTAGGAGTTAACATAACCTTTTTTCCTCAACATTTTTTAGGATTGAGGGGTATGCCACGGCGGTACTCTGATTATCCAGATGTTTATTTAAGGTGAAATTTATTGTCTTCAATTGGGGCATTTATTTCATTTATTTCTACTTTATTATTCATATATATTTTATGAGAAGCATTAATTAGTCAACGAACAGTTGTATTTTTAAAAAAAATAAATACTTCTTTAGAATGATTAGTTTCTTA"
"28",">JX10.8-H15","CATTAGGAATAGTATATGCAATAGTAACTATTGGAGTTATAGGATTTGTTGTATGAGGGCATCATATATTTACTGTTGGAATAGATGTAGATACTCGAGCATATTTTACTTCTGCTACAATAGTAATTGCCATTCCTACAGGAATTAAAATTTTTAGATGATTGGCTACAATAAGAGGTAGGAAGATTGAATTAAATGTTACAAATTTATGAGCTTTAGGATTTATTTTTTTATTTACTATTGGTGGGTTAACTGGAGTAGTATTAGCTAATTCATCTTTAGATATTATCCTTCATGATACTTATTATGTTGTTGCTCATTTTCATTATGTTTTATCAATAGGAGCTGTTTATGCAATTTTTGGAAGATTTATTTATTGGTTTCCATTATTTAGTGGTGTAAGAATAAATCAAAAATTATTAAAAATTCATTTTATTTTATTATTTTTAGGAGTTAACATAACTTTTTTTCCTCAACATTTTTTAGGATTGAGGGGTATACCACGGCGGTACTCTGATTATCCAGATGTTTATTTAAGGTGAAATTTATTGTCTTCAATTGGGGCATTTATTTCATTTATTTCTACTTTATTATTCATATATATTTTATGAGAAGCATTAATTAGTCAACGAACAGTTGTATTTTTAAAAAAAATAAATACTTCTTTAGAATGATTAGTTTCTTA"
"29",">XG6-H5","CATTAGGAATAGTATATGCAATAGTAACTATTGGAGTTATAGGATTTGTTGTATGAGGGCATCATATATTTACTGTTGGAATAGATGTAGATACTCGAGCATATTTTACTTCTGCTACAATAGTAATTGCCATTCCTACAGGAATTAAAATTTTTAGATGATTGGCTACAATAAGAGGTAGGAAGATTGAATTAAATGTTACAAATTTATGAGCTTTAGGATTTATTTTTTTATTTACTATTGGTGGGTTAACTGGAGTAGTATTAGCTAATTCATCTTTAGATATTATTCTTCATGATACTTATTATGTTGTTGCTCATTTTCATTATGTTTTATCAATAGGAGCTGTTTATGCAATTTTTGGAAGATTTATTTATTGGTTTCCATTATTTAGTGGTGTAAGAATAAATCAAAAATTATTAAAAATTCATTTTATTTTATTATTTTTAGGAGTTAACATAACCTTTTTTCCTCAACATTTTTTAGGATTGAGGGGTATGCCACGGCGGTACTCTGATTATCCAGATGTTTATTTAAGGTGAAATTTATTGTCTTCAATTGGGGCATTTATTTCATTTATTTCTACTTTATTATTCATATATATTTTATGAGAAGCATTAATTAGTCAACGAACAGTTGTATTTTTAAAAAAAATAAATACTTCTTTAGAATGATTAGTTTCTTA"
"30",">XG4-H6","CATTAGGAATAGTATATGCAATAGTAACTATTGGAGTTATAGGATTTGTTGTATGAGGGCATCATATATTTACTGTTGGAATAGATGTAGATACTCGAGCATATTTTACTTCTGCTACAATAGTAATTGCCATTCCTACAGGAATTAAAATTTTTAGATGATTGGCTACAATAAGAGGTAGGAAGATTGAATTAAATGTTACAAATTTATGAGCTTTAGGATTTATTTTTTTATTTACTATTGGTGGGTTAACTGGAGTAGTATTAGCTAATTCATCTTTAGATATTATTCTTCATGATACTTATTATGTTGTTGCTCATTTTCATTATGTTTTATCAATAGGAGCTGTTTATGCAATTTTTGGAAGATTTATTTATTGGTTTCCATTATTTAGTGGTGTAAGAATAAATCAAAAATTATTAAAAATTCATTTTATTTTATTATTTTTAGGAGTTAACATAACTTTTTTTCCTCAACATTTTTTAGGATTGAGGGGTATACCACGGCGGTACTCTGATTATCCAGATGTTTATTTAAGGTGAAATTTATTGTCTTCAATTGGGGCATTTATTTCATTTATTTCTACTTTATTATTCATATATATTTTATGAGAAGCATTAATTAGTCAACGAACAGTTGTATTTTTAAAAAAAATAAATACTTCTTTAGAATGATTAGTTTCTTA"
"31",">XG13-H6","CATTAGGAATAGTATATGCAATAGTAACTATTGGAGTTATAGGATTTGTTGTATGAGGGCATCATATATTTACTGTTGGAATAGATGTAGATACTCGAGCATATTTTACTTCTGCTACAATAGTAATTGCCATTCCTACAGGAATTAAAATTTTTAGATGATTGGCTACAATAAGAGGTAGGAAGATTGAATTAAATGTTACAAATTTATGAGCTTTAGGATTTATTTTTTTATTTACTATTGGTGGGTTAACTGGAGTAGTATTAGCTAATTCATCTTTAGATATTATTCTTCATGATACTTATTATGTTGTTGCTCATTTTCATTATGTTTTATCAATAGGAGCTGTTTATGCAATTTTTGGAAGATTTATTTATTGGTTTCCATTATTTAGTGGTGTAAGAATAAATCAAAAATTATTAAAAATTCATTTTATTTTATTATTTTTAGGAGTTAACATAACTTTTTTTCCTCAACATTTTTTAGGATTGAGGGGTATACCACGGCGGTACTCTGATTATCCAGATGTTTATTTAAGGTGAAATTTATTGTCTTCAATTGGGGCATTTATTTCATTTATTTCTACTTTATTATTCATATATATTTTATGAGAAGCATTAATTAGTCAACGAACAGTTGTATTTTTAAAAAAAATAAATACTTCTTTAGAATGATTAGTTTCTTA"
"32",">XG9-H7","CATTAGGAATAGTATATGCAATAGTAACTATTGGAGTTATAGGATTTGTTGTATGAGGGCATCATATATTTACTGTTGGAATAGATGTAGATACTCGAGCATATTTTACTTCTGCTACAATAGTAATTGCCATTCCTACAGGAATTAAAATTTTTAGATGATTGGCTACAATAAGAGGTAGGAAGATTGAATTAAATGTTACAAATTTATGAGCTTTAGGATTTATTTTTTTATTTACTATTGGTGGGTTAACTGGAGTAGTATTAGCTAATTCATCTTTAGATATTATTCTTCATGATACTTATTATGTTGTTGCTCATTTTCATTATGTTTTATCAATAGGAGCTGTTTATGCAATTTTTGGAAGATTTATTTATTGGTTTCCATTATTTAGTGGTGTAAGAATAAATCAAAAATTATTAAAAATTCATTTTATTTTATTATTTTTAGGAGTTAACATAACCTTTTTTCCTCAACATTTTTTAGGATTGAGGGGTATGCCACGGCGGTATTCTGATTATCCAGATGTTTATTTAAGGTGAAATTTATTGTCTTCAATTGGGGCATTTATTTCATTTATTTCTACTTTATTATTCATATATATTTTATGAGAAGCATTAATTAGTCAACGAACAGTTGTATTTTTAAAAAAAATAAATACTTCTTTAGAATGATTAGTTTCTTA"
"33",">XG11-H8","CATTAGGAATAGTATATGCAATAGTAACTATTGGAGTTATAGGATTTGTTGTATGAGGGCATCATATATTTACTGTTGGAATAGATGTAGATACTCGAGCATATTTTACTTCTGCTACAATAGTAATTGCCATTCCTACAGGAATTAAAATTTTCAGATGATTGGCTACAATAAGAGGTAGGAAGATTGAATTAAATGTTACAAATTTATGAACTTTAGGATTTATTTTTTTATTTACTATTGGTGGGTTAACTGGAGTAGTATTAGCTAATTCATCTTTAGATATTATTCTTCATGATACTTATTATGTTGTTGCTCATTTTCATTATGTTTTATCAATAGGAGCTGTTTATGCAATTTTTGGAAGATTTATTTATTGGTTTCCATTATTTAGTGGTGTAAGAATAAATCAAAAATTATTAAAAATTCATTTTATTTTATTATTTTTAGGAGTTAATATAACTTTTTTTCCTCAACATTTTTTAGGATTGAGGGGTATACCACGGCGGTACTCTGATTATCCAGATGTTTATTTAAGGTGAAATTTATTGTCTTCAATTGGGGCATTTATTTCATTTATTTCTACTTTATTATTCATATATATTTTATGAGAAGCATTAATTAGTCAACGAACAGTTGTATTTTTAAAAAAAATAAATACTTCTTTAGAATGATTAGTTTCTTA"
"34",">XG12-H9","CATTAGGAATAGTATATGCAATAGTAACTATTGGAGTTATAGGATTTGTTGTATGAGGGCATCATATATTTACTGTTGGAATAGATGTAGATACTCGAGCGTATTTTACTTCTGCTACAATAGTAATTGCCATTCCTACAGGAATTAAAATTTTTAGATGATTGGCTACAATAAGAGGTAGGAAGATTGAATTAAATGTTACAAATTTATGAGCTTTAGGATTTATTTTTTTATTTACTATTGGTGGGTTAACTGGAGTAGTATTAGCTAATTCATCTTTAGATATTATTCTTCATGATACTTATTATGTTGTTGCTCATTTTCATTATGTTTTATCAATAGGAGCTGTTTATGCAATTTTTGGAAGATTTATTTATTGGTTTCCATTATTTAGTGGTGTAAGAATAAATCAAAAATTATTAAAAATTCATTTTATTTTATTATTTTTAGGAGTTAACATAACCTTTTTTCCTCAACATTTTTTAGGATTGAGGGGTATACCACGGCGGTACTCTGATTATCCAGATGTTTATTTAAGGTGAAATTTATTGTCTTCAATTGGGGCATTTATTTCATTTATTTCTACTTTATTATTCATATATATTTTATGAGAAGCATTAATTAGTCAACGAACAGTTGTATTTTTAAAAAAAATAAATACTTCTTTAGAATGATTAGTTTCTTA"
"35",">XG14-H10","CATTAGGAATAGTATATGCAATAGTAACTATTGGAGTTATAGGATTTGTTGTATGAGGGCATCATATATTTACTGTTGGAATAGATGTAGATACTCGAGCATATTTTACTTCTGCTACAATAGTAATTGCCATTCCTACAGGAATTAAAATTTTTAGATGATTGGCTACAATAAGAGGTAGGAAGATTGAATTAAATGTTACAAATTTATGAGCTTTAGGATTTATTTTTTTATTTACTATTGGTGGGTTAACTGGAGTAGTATTAGCTAATTCATCTTTAGATATTATTCTTCATGATACTTATTATGTTGTTGCTCATTTTCATTATGTTTTATCAATAGGAGCTGTTTATGCAATTTTTGGAAGATTTATTTATTGGTTTCCATTATTTAGTGGTGTAAGAATAAATCAAAAATTATTAAAAATTCATTTTATTTTATTATTTTTAGGAGTTAACATAACTTTTTTTCCTCAACATTTTTTAGGATTGAGGGGTATACCACGGCGGTATTCTGATTATCCAGATGTTTATTTAAGGTGAAATTTATTGTCTTCAATTGGGGCATTTATTTCATTTATTTCTACTTTATTATTCATATATATTTTATGAGAAGCATTAATTAGTCAACGAACAGTTGTATTTTTAAAAAAAATAAATACTTCTTTAGAATGATTAGTTTCTTA"
"36",">XG16-H11","CATTAGGAATAGTATATGCAATAGTAACTATTGGAGTTATAGGATTTGTTGTATGAGGGCATCATATATTTACTGTTGGAATAGATGTAGATACTCGAGCATATTTTACTTCTGCTACAATAGTAATTGCCATTCCTACAGGAATTAAAATTTTTAGATGATTGGCTACAATAAGAGGTAGGAAGATTGAATTAAATGTTACAAATTTATGAGCTTTAGGATTTATTTTTTTATTTACTATTGGTGGGTTAACTGGAGTAGTATTAGCTAATTCATCTTTAGATATTATTCTTCATGATACTTATTATGTTGTTGCTCATTTTCATTATGTTTTATCAATAGGAGCTGTTTATGCAATTTTTGGAAGATTTATTTATTGGTTTCCATTATTTAGTGGTGTAAGAATAAATCAAAAATTATTAAAAATTCATTTTATTTTATTATTTTTAGGAGTTAACATAACCTTTTTTCCTCAACATTTTTTAGGATTGAGGGGTATACCACGGCGGTACTCTGATTATCCAGATGTTTATTTAAGGTGAAATTTATTGTCTTCAATTGGGGCATTTATTTCATTTATTTCTACTTTATTATTCATATATATTTTATGAGAAGCATTAATTAGTCAACGAACAGTTGTATTTTTAAAAAAAATAAATACTTCTTTAGAGTGATTAGTTTCTTA"
"37",">ZWY_S13-H1","CATTAGGAATAGTATATGCAATAGTAACTATTGGAGTTATAGGATTTGTTGTATGAGGGCATCATATATTTACTGTTGGAATAGATGTAGATACTCGAGCATATTTTACTTCTGCTACAATAGTAATTGCCATTCCTACAGGAATTAAAATTTTTAGATGATTGGCTACAATAAGAGGTAGGAAGATTGAATTAAATGTTACAAATTTATGAGCTTTAGGATTTATTTTTTTATTTACTATTGGTGGGTTAACTGGAGTAGTGTTAGCTAATTCATCTTTAGATATTATTCTTCATGATACTTATTATGTTGTTGCTCATTTTCATTATGTTTTATCAATAGGAGCTGTTTATGCAATTTTTGGAAGATTTATTTATTGGTTTCCATTATTTAGTGGTGTAAGAATAAATCAAAAATTATTAAAAATTCATTTTATTTTATTATTTTTAGGAGTTAACATAACCTTTTTTCCTCAACATTTTTTAGGATTGAGGGGTATGCCACGGCGGTACTCTGATTATCCAGATGTTTATTTAAGGTGAAATTTATTGTCTTCAATTGGGGCATTTATTTCATTTATTTCTACTTTATTATTCATATATATTTTATGAGAAGCATTAATTAGTCAACGAACAGTTGTATTTTTAAAAAAAATAAATACTTCTTTAGAATGATTAGTTTCTTA"
"38",">ZWY_S3-H5","CATTAGGAATAGTATATGCAATAGTAACTATTGGAGTTATAGGATTTGTTGTATGAGGGCATCATATATTTACTGTTGGAATAGATGTAGATACTCGAGCATATTTTACTTCTGCTACAATAGTAATTGCCATTCCTACAGGAATTAAAATTTTTAGATGATTGGCTACAATAAGAGGTAGGAAGATTGAATTAAATGTTACAAATTTATGAGCTTTAGGATTTATTTTTTTATTTACTATTGGTGGGTTAACTGGAGTAGTATTAGCTAATTCATCTTTAGATATTATTCTTCATGATACTTATTATGTTGTTGCTCATTTTCATTATGTTTTATCAATAGGAGCTGTTTATGCAATTTTTGGAAGATTTATTTATTGGTTTCCATTATTTAGTGGTGTAAGAATAAATCAAAAATTATTAAAAATTCATTTTATTTTATTATTTTTAGGAGTTAACATAACCTTTTTTCCTCAACATTTTTTAGGATTGAGGGGTATGCCACGGCGGTACTCTGATTATCCAGATGTTTATTTAAGGTGAAATTTATTGTCTTCAATTGGGGCATTTATTTCATTTATTTCTACTTTATTATTCATATATATTTTATGAGAAGCATTAATTAGTCAACGAACAGTTGTATTTTTAAAAAAAATAAATACTTCTTTAGAATGATTAGTTTCTTA"
"39",">ZWY_S1-H5","CATTAGGAATAGTATATGCAATAGTAACTATTGGAGTTATAGGATTTGTTGTATGAGGGCATCATATATTTACTGTTGGAATAGATGTAGATACTCGAGCATATTTTACTTCTGCTACAATAGTAATTGCCATTCCTACAGGAATTAAAATTTTTAGATGATTGGCTACAATAAGAGGTAGGAAGATTGAATTAAATGTTACAAATTTATGAGCTTTAGGATTTATTTTTTTATTTACTATTGGTGGGTTAACTGGAGTAGTATTAGCTAATTCATCTTTAGATATTATTCTTCATGATACTTATTATGTTGTTGCTCATTTTCATTATGTTTTATCAATAGGAGCTGTTTATGCAATTTTTGGAAGATTTATTTATTGGTTTCCATTATTTAGTGGTGTAAGAATAAATCAAAAATTATTAAAAATTCATTTTATTTTATTATTTTTAGGAGTTAACATAACCTTTTTTCCTCAACATTTTTTAGGATTGAGGGGTATGCCACGGCGGTACTCTGATTATCCAGATGTTTATTTAAGGTGAAATTTATTGTCTTCAATTGGGGCATTTATTTCATTTATTTCTACTTTATTATTCATATATATTTTATGAGAAGCATTAATTAGTCAACGAACAGTTGTATTTTTAAAAAAAATAAATACTTCTTTAGAATGATTAGTTTCTTA"
"40",">ZWY_S4-H5","CATTAGGAATAGTATATGCAATAGTAACTATTGGAGTTATAGGATTTGTTGTATGAGGGCATCATATATTTACTGTTGGAATAGATGTAGATACTCGAGCATATTTTACTTCTGCTACAATAGTAATTGCCATTCCTACAGGAATTAAAATTTTTAGATGATTGGCTACAATAAGAGGTAGGAAGATTGAATTAAATGTTACAAATTTATGAGCTTTAGGATTTATTTTTTTATTTACTATTGGTGGGTTAACTGGAGTAGTATTAGCTAATTCATCTTTAGATATTATTCTTCATGATACTTATTATGTTGTTGCTCATTTTCATTATGTTTTATCAATAGGAGCTGTTTATGCAATTTTTGGAAGATTTATTTATTGGTTTCCATTATTTAGTGGTGTAAGAATAAATCAAAAATTATTAAAAATTCATTTTATTTTATTATTTTTAGGAGTTAACATAACCTTTTTTCCTCAACATTTTTTAGGATTGAGGGGTATGCCACGGCGGTACTCTGATTATCCAGATGTTTATTTAAGGTGAAATTTATTGTCTTCAATTGGGGCATTTATTTCATTTATTTCTACTTTATTATTCATATATATTTTATGAGAAGCATTAATTAGTCAACGAACAGTTGTATTTTTAAAAAAAATAAATACTTCTTTAGAATGATTAGTTTCTTA"
"41",">ZWY_S5-H5","CATTAGGAATAGTATATGCAATAGTAACTATTGGAGTTATAGGATTTGTTGTATGAGGGCATCATATATTTACTGTTGGAATAGATGTAGATACTCGAGCATATTTTACTTCTGCTACAATAGTAATTGCCATTCCTACAGGAATTAAAATTTTTAGATGATTGGCTACAATAAGAGGTAGGAAGATTGAATTAAATGTTACAAATTTATGAGCTTTAGGATTTATTTTTTTATTTACTATTGGTGGGTTAACTGGAGTAGTATTAGCTAATTCATCTTTAGATATTATTCTTCATGATACTTATTATGTTGTTGCTCATTTTCATTATGTTTTATCAATAGGAGCTGTTTATGCAATTTTTGGAAGATTTATTTATTGGTTTCCATTATTTAGTGGTGTAAGAATAAATCAAAAATTATTAAAAATTCATTTTATTTTATTATTTTTAGGAGTTAACATAACCTTTTTTCCTCAACATTTTTTAGGATTGAGGGGTATGCCACGGCGGTACTCTGATTATCCAGATGTTTATTTAAGGTGAAATTTATTGTCTTCAATTGGGGCATTTATTTCATTTATTTCTACTTTATTATTCATATATATTTTATGAGAAGCATTAATTAGTCAACGAACAGTTGTATTTTTAAAAAAAATAAATACTTCTTTAGAATGATTAGTTTCTTA"
"42",">ZWY_S11-H5","CATTAGGAATAGTATATGCAATAGTAACTATTGGAGTTATAGGATTTGTTGTATGAGGGCATCATATATTTACTGTTGGAATAGATGTAGATACTCGAGCATATTTTACTTCTGCTACAATAGTAATTGCCATTCCTACAGGAATTAAAATTTTTAGATGATTGGCTACAATAAGAGGTAGGAAGATTGAATTAAATGTTACAAATTTATGAGCTTTAGGATTTATTTTTTTATTTACTATTGGTGGGTTAACTGGAGTAGTATTAGCTAATTCATCTTTAGATATTATTCTTCATGATACTTATTATGTTGTTGCTCATTTTCATTATGTTTTATCAATAGGAGCTGTTTATGCAATTTTTGGAAGATTTATTTATTGGTTTCCATTATTTAGTGGTGTAAGAATAAATCAAAAATTATTAAAAATTCATTTTATTTTATTATTTTTAGGAGTTAACATAACCTTTTTTCCTCAACATTTTTTAGGATTGAGGGGTATGCCACGGCGGTACTCTGATTATCCAGATGTTTATTTAAGGTGAAATTTATTGTCTTCAATTGGGGCATTTATTTCATTTATTTCTACTTTATTATTCATATATATTTTATGAGAAGCATTAATTAGTCAACGAACAGTTGTATTTTTAAAAAAAATAAATACTTCTTTAGAATGATTAGTTTCTTA"
"43",">ZWY_S_C-H5","CATTAGGAATAGTATATGCAATAGTAACTATTGGAGTTATAGGATTTGTTGTATGAGGGCATCATATATTTACTGTTGGAATAGATGTAGATACTCGAGCATATTTTACTTCTGCTACAATAGTAATTGCCATTCCTACAGGAATTAAAATTTTTAGATGATTGGCTACAATAAGAGGTAGGAAGATTGAATTAAATGTTACAAATTTATGAGCTTTAGGATTTATTTTTTTATTTACTATTGGTGGGTTAACTGGAGTAGTATTAGCTAATTCATCTTTAGATATTATTCTTCATGATACTTATTATGTTGTTGCTCATTTTCATTATGTTTTATCAATAGGAGCTGTTTATGCAATTTTTGGAAGATTTATTTATTGGTTTCCATTATTTAGTGGTGTAAGAATAAATCAAAAATTATTAAAAATTCATTTTATTTTATTATTTTTAGGAGTTAACATAACCTTTTTTCCTCAACATTTTTTAGGATTGAGGGGTATGCCACGGCGGTACTCTGATTATCCAGATGTTTATTTAAGGTGAAATTTATTGTCTTCAATTGGGGCATTTATTTCATTTATTTCTACTTTATTATTCATATATATTTTATGAGAAGCATTAATTAGTCAACGAACAGTTGTATTTTTAAAAAAAATAAATACTTCTTTAGAATGATTAGTTTCTTA"
"44",">ZWY_S_A-H5","CATTAGGAATAGTATATGCAATAGTAACTATTGGAGTTATAGGATTTGTTGTATGAGGGCATCATATATTTACTGTTGGAATAGATGTAGATACTCGAGCATATTTTACTTCTGCTACAATAGTAATTGCCATTCCTACAGGAATTAAAATTTTTAGATGATTGGCTACAATAAGAGGTAGGAAGATTGAATTAAATGTTACAAATTTATGAGCTTTAGGATTTATTTTTTTATTTACTATTGGTGGGTTAACTGGAGTAGTATTAGCTAATTCATCTTTAGATATTATTCTTCATGATACTTATTATGTTGTTGCTCATTTTCATTATGTTTTATCAATAGGAGCTGTTTATGCAATTTTTGGAAGATTTATTTATTGGTTTCCATTATTTAGTGGTGTAAGAATAAATCAAAAATTATTAAAAATTCATTTTATTTTATTATTTTTAGGAGTTAACATAACCTTTTTTCCTCAACATTTTTTAGGATTGAGGGGTATGCCACGGCGGTACTCTGATTATCCAGATGTTTATTTAAGGTGAAATTTATTGTCTTCAATTGGGGCATTTATTTCATTTATTTCTACTTTATTATTCATATATATTTTATGAGAAGCATTAATTAGTCAACGAACAGTTGTATTTTTAAAAAAAATAAATACTTCTTTAGAATGATTAGTTTCTTA"
"45",">ZWY_H-H5","CATTAGGAATAGTATATGCAATAGTAACTATTGGAGTTATAGGATTTGTTGTATGAGGGCATCATATATTTACTGTTGGAATAGATGTAGATACTCGAGCATATTTTACTTCTGCTACAATAGTAATTGCCATTCCTACAGGAATTAAAATTTTTAGATGATTGGCTACAATAAGAGGTAGGAAGATTGAATTAAATGTTACAAATTTATGAGCTTTAGGATTTATTTTTTTATTTACTATTGGTGGGTTAACTGGAGTAGTATTAGCTAATTCATCTTTAGATATTATTCTTCATGATACTTATTATGTTGTTGCTCATTTTCATTATGTTTTATCAATAGGAGCTGTTTATGCAATTTTTGGAAGATTTATTTATTGGTTTCCATTATTTAGTGGTGTAAGAATAAATCAAAAATTATTAAAAATTCATTTTATTTTATTATTTTTAGGAGTTAACATAACCTTTTTTCCTCAACATTTTTTAGGATTGAGGGGTATGCCACGGCGGTACTCTGATTATCCAGATGTTTATTTAAGGTGAAATTTATTGTCTTCAATTGGGGCATTTATTTCATTTATTTCTACTTTATTATTCATATATATTTTATGAGAAGCATTAATTAGTCAACGAACAGTTGTATTTTTAAAAAAAATAAATACTTCTTTAGAATGATTAGTTTCTTA"
"46",">ZWY_B-H5","CATTAGGAATAGTATATGCAATAGTAACTATTGGAGTTATAGGATTTGTTGTATGAGGGCATCATATATTTACTGTTGGAATAGATGTAGATACTCGAGCATATTTTACTTCTGCTACAATAGTAATTGCCATTCCTACAGGAATTAAAATTTTTAGATGATTGGCTACAATAAGAGGTAGGAAGATTGAATTAAATGTTACAAATTTATGAGCTTTAGGATTTATTTTTTTATTTACTATTGGTGGGTTAACTGGAGTAGTATTAGCTAATTCATCTTTAGATATTATTCTTCATGATACTTATTATGTTGTTGCTCATTTTCATTATGTTTTATCAATAGGAGCTGTTTATGCAATTTTTGGAAGATTTATTTATTGGTTTCCATTATTTAGTGGTGTAAGAATAAATCAAAAATTATTAAAAATTCATTTTATTTTATTATTTTTAGGAGTTAACATAACCTTTTTTCCTCAACATTTTTTAGGATTGAGGGGTATGCCACGGCGGTACTCTGATTATCCAGATGTTTATTTAAGGTGAAATTTATTGTCTTCAATTGGGGCATTTATTTCATTTATTTCTACTTTATTATTCATATATATTTTATGAGAAGCATTAATTAGTCAACGAACAGTTGTATTTTTAAAAAAAATAAATACTTCTTTAGAATGATTAGTTTCTTA"
"47",">ZWY_A2-H6","CATTAGGAATAGTATATGCAATAGTAACTATTGGAGTTATAGGATTTGTTGTATGAGGGCATCATATATTTACTGTTGGAATAGATGTAGATACTCGAGCATATTTTACTTCTGCTACAATAGTAATTGCCATTCCTACAGGAATTAAAATTTTTAGATGATTGGCTACAATAAGAGGTAGGAAGATTGAATTAAATGTTACAAATTTATGAGCTTTAGGATTTATTTTTTTATTTACTATTGGTGGGTTAACTGGAGTAGTATTAGCTAATTCATCTTTAGATATTATTCTTCATGATACTTATTATGTTGTTGCTCATTTTCATTATGTTTTATCAATAGGAGCTGTTTATGCAATTTTTGGAAGATTTATTTATTGGTTTCCATTATTTAGTGGTGTAAGAATAAATCAAAAATTATTAAAAATTCATTTTATTTTATTATTTTTAGGAGTTAACATAACTTTTTTTCCTCAACATTTTTTAGGATTGAGGGGTATACCACGGCGGTACTCTGATTATCCAGATGTTTATTTAAGGTGAAATTTATTGTCTTCAATTGGGGCATTTATTTCATTTATTTCTACTTTATTATTCATATATATTTTATGAGAAGCATTAATTAGTCAACGAACAGTTGTATTTTTAAAAAAAATAAATACTTCTTTAGAATGATTAGTTTCTTA"
"48",">ZWY_D1-H6","CATTAGGAATAGTATATGCAATAGTAACTATTGGAGTTATAGGATTTGTTGTATGAGGGCATCATATATTTACTGTTGGAATAGATGTAGATACTCGAGCATATTTTACTTCTGCTACAATAGTAATTGCCATTCCTACAGGAATTAAAATTTTTAGATGATTGGCTACAATAAGAGGTAGGAAGATTGAATTAAATGTTACAAATTTATGAGCTTTAGGATTTATTTTTTTATTTACTATTGGTGGGTTAACTGGAGTAGTATTAGCTAATTCATCTTTAGATATTATTCTTCATGATACTTATTATGTTGTTGCTCATTTTCATTATGTTTTATCAATAGGAGCTGTTTATGCAATTTTTGGAAGATTTATTTATTGGTTTCCATTATTTAGTGGTGTAAGAATAAATCAAAAATTATTAAAAATTCATTTTATTTTATTATTTTTAGGAGTTAACATAACTTTTTTTCCTCAACATTTTTTAGGATTGAGGGGTATACCACGGCGGTACTCTGATTATCCAGATGTTTATTTAAGGTGAAATTTATTGTCTTCAATTGGGGCATTTATTTCATTTATTTCTACTTTATTATTCATATATATTTTATGAGAAGCATTAATTAGTCAACGAACAGTTGTATTTTTAAAAAAAATAAATACTTCTTTAGAATGATTAGTTTCTTA"
"49",">ZWY_1M_2-H12","CATTAGGAATAGTATATGCAATAGTAACTATTGGAGTTATAGGATTTGTTGTATGAGGGCATCATATATTTACTGTTGGAATAGATGTAGATACTCGAGCATATTTTACTTCTGCTACAATAGTAATTGCCATTCCTACAGGAATTAAAATTTTTAGATGATTGGCTACAATAAGAGGTAGGAAGATTGAATTAAATGTTACAAATTTATGAGCTTTAGGATTTATTTTTTTATTTACTATTGGTGGGTTAACTGGAGTAGTATTAGCTAATTCATCTTTAGATATTATTCTTCATGATACTTATTATGTTGTTGCTCATTTTCATTATGTTTTATCAATAGGAGCTGTTTATGCAATTTTTGGAAGATTTATTTATTGGTTTCCATTATTTAGTGGTGTAAGAATAAATCAAAAATTATTAAAAATTCATTTTATTTTATTATTTTTAGGAGTTAACATAACCTTTTTTCCTCAGCATTTTTTAGGATTGAGGGGTATGCCACGGCGGTACTCTGATTATCCAGATGTTTATTTAAGGTGAAATTTATTGTCTTCAATTGGGGCATTTATTTCATTTATTTCTACTTTATTATTCATATATATTTTATGAGAAGCATTAATTAGTCAACGAACAGTTGTATTTTTAAAAAAAATAAATACTTCTTTAGAATGATTAGTTTCTTA"
"50",">ZWY_S12-H14","CATTAGGAATAGTATATGCAATAGTAACTATTGGAGTTATAGGATTTGTTGTATGAGGGCATCATATATTTACTGTTGGAATAGATGTAGATACTCGAGCGTATTTTACTTCTGCTACAATAGTAATTGCCATTCCTACAGGAATTAAAATTTTTAGATGATTGGCTACAATAAGAGGTAGGAAGATTGAATTAAATGTTACAAATTTATGAGCTTTAGGATTTATTTTTTTATTTACTATTGGTGGGTTAACTGGAGTAGTATTAGCTAATTCATCTTTAGATATTATTCTTCATGATACTTATTATGTTGTTGCTCATTTTCATTATGTTTTATCAATAGGAGCTGTTTATGCAATTTTTGGAAGATTTATTTATTGGTTTCCATTATTTAGTGGTGTAAGAATAAATCAAAAATTATTAAAAATTCATTTTATTTTATTATTTTTAGGAGTTAACATAACCTTTTTTCCTCAACATTTTTTAGGATTGAGGGGTATGCCACGGCGGTACTCTGATTATCCAGATGTTTATTTAAGGTGAAATTTATTGTCTTCAATTGGGGCATTTATTTCATTTATTTCTACTTTATTATTCATATATATTTTATGAGAAGCATTAATTAGTCAACGAACAGTTGTATTTTTAAAAAAAATAAATACTTCTTTAGAATGATTAGTTTCTTA"
"51",">ZWY_C1-H23","CATTAGGAATAGTATATGCAATAGTAACTATTGGAGTTATAGGATTTGTTGTATGAGGGCATCATATATTTACTGTTGGAATAGATGTAGATACTCGAGCATATTTTACTTCTGCTACAATAGTAATTGCCATTCCTACAGGAATTAAAATTTTTAGATGATTGGCTACAATAAGAGGTAGGAAGATTGAATTAAATGTTACAAATTTATGAGCTTTAGGATTTATTTTTTTATTTACTATTGGTGGGTTAACTGGAGTAGTATTAGCTAATTCATCTTTAGATATTATTCTTCATGATACTTATTATGTTGTTGCTCATTTTCATTATGTTTTATCAATAGGAGCTGTTTATGCAATTTTTGGAAGATTTATTTATTGGTTTCCATTATTTAGTGGTGTAAGAATAAATCAAAAATTATTAAAAATTCATTTTATTTTATTATTTTTAGGAGTTAACATAACCTTTTTTCCTCAACATTTTTTAGGATTGAGGGGTATACCACGGCGGTACTCTGATTATCCAGATGTTTATTTAAGGTGAAATTTATTGTCTTCAATTGGGGCATTTATTTCATTTATTTCTACTTTATTATTCATATATATTTTATGAGAAGCATTAATTAGTCAACGAACAGTTGTATTTTTAAAAAAAATAAATACTTCTTTAGAATGATTAGTTTCTTA"
"52",">ZWY_COI12-H23","CATTAGGAATAGTATATGCAATAGTAACTATTGGAGTTATAGGATTTGTTGTATGAGGGCATCATATATTTACTGTTGGAATAGATGTAGATACTCGAGCATATTTTACTTCTGCTACAATAGTAATTGCCATTCCTACAGGAATTAAAATTTTTAGATGATTGGCTACAATAAGAGGTAGGAAGATTGAATTAAATGTTACAAATTTATGAGCTTTAGGATTTATTTTTTTATTTACTATTGGTGGGTTAACTGGAGTAGTATTAGCTAATTCATCTTTAGATATTATTCTTCATGATACTTATTATGTTGTTGCTCATTTTCATTATGTTTTATCAATAGGAGCTGTTTATGCAATTTTTGGAAGATTTATTTATTGGTTTCCATTATTTAGTGGTGTAAGAATAAATCAAAAATTATTAAAAATTCATTTTATTTTATTATTTTTAGGAGTTAACATAACCTTTTTTCCTCAACATTTTTTAGGATTGAGGGGTATACCACGGCGGTACTCTGATTATCCAGATGTTTATTTAAGGTGAAATTTATTGTCTTCAATTGGGGCATTTATTTCATTTATTTCTACTTTATTATTCATATATATTTTATGAGAAGCATTAATTAGTCAACGAACAGTTGTATTTTTAAAAAAAATAAATACTTCTTTAGAATGATTAGTTTCTTA"
"53",">ZWY_S_B-H23","CATTAGGAATAGTATATGCAATAGTAACTATTGGAGTTATAGGATTTGTTGTATGAGGGCATCATATATTTACTGTTGGAATAGATGTAGATACTCGAGCATATTTTACTTCTGCTACAATAGTAATTGCCATTCCTACAGGAATTAAAATTTTTAGATGATTGGCTACAATAAGAGGTAGGAAGATTGAATTAAATGTTACAAATTTATGAGCTTTAGGATTTATTTTTTTATTTACTATTGGTGGGTTAACTGGAGTAGTATTAGCTAATTCATCTTTAGATATTATTCTTCATGATACTTATTATGTTGTTGCTCATTTTCATTATGTTTTATCAATAGGAGCTGTTTATGCAATTTTTGGAAGATTTATTTATTGGTTTCCATTATTTAGTGGTGTAAGAATAAATCAAAAATTATTAAAAATTCATTTTATTTTATTATTTTTAGGAGTTAACATAACCTTTTTTCCTCAACATTTTTTAGGATTGAGGGGTATACCACGGCGGTACTCTGATTATCCAGATGTTTATTTAAGGTGAAATTTATTGTCTTCAATTGGGGCATTTATTTCATTTATTTCTACTTTATTATTCATATATATTTTATGAGAAGCATTAATTAGTCAACGAACAGTTGTATTTTTAAAAAAAATAAATACTTCTTTAGAATGATTAGTTTCTTA"
"54",">ZWY_F1-H27","CATTAGGAATAGTATATGCAATAGTAACTATTGGAGTTATAGGATTTGTTGTATGAGGGCATCATATATTTACTGTTGGAATAGATGTAGATACTCGAGCATATTTTACTTCTGCTACAATAGTAATTGCCATTCCTACAGGAATTAAAATTTTTAGATGATTGGCTACAATAAGAGGTAGGAAGATTGAATTAAATGTTACAAATTTATGAGCTTTAGGATTTATTTTTTTATTTACTATTGGTGGGTTAACTGGAGTAGTATTAGCTAATTCATCTTTAGATATTATTCTTCATGATACTTATTATGTTGTTGCTCATTTTCATTATGTTTTATCAATAGGAGCTGTTTATGCAATTTTTGGAAGATTTATTTATTGGTTTCCATTATTTAGTGGTGTAAGAATAAATCAAAAATTATTAAAAATTCATTTTATTTTATTATTTTTAGGAGTTAACATAACTTTTTTTCCTCAACATTTTTTAGGATTGAGGGGTATGCCACGGCGGTATTCTGATTATCCAGATGTTTATTTAAGGTGAAATTTATTGTCTTCAATTGGGGCATTTATTTCATTTATTTCTACTTTATTATTTATATATATTTTATGAGAAGCATTAATTAGTCAACGAACAGTTGTATTTTTAAAAAAAATAAATACTTCTTTAGAATGATTAGTTTCTTA"
"55",">ZWY_A1-H28","CATTAGGAATAGTATATGCAATAGTAACTATTGGAGTTATAGGATTTGTTGTATGAGGGCATCATATATTTACTGTTGGAATAGATGTAGATACTCGAGCATATTTTACTTCTGCTACAATAGTAATTGCCATTCCTACAGGAATTAAAATTTTTAGATGATTGGCTACAATAAGAGGTAGGAAGATTGAATTAAATGTTACAAATTTATGAGCTTTAGGATTTATTTTTTTATTTACTATTGGTGGGTTAACTGGAGTAGTATTAGCTAATTCATCTTTAGATATTATTCTTCATGATACTTATTATGTTGTTGCTCATTTTCATTATGTTTTATCAATAGGAGCTGTTTATGCAATTTTTGGAAGATTTATTTATTGGTTTCCATTATTTAGTGGTGTAAGAATAAATCAAAAATTATTAAAAATTCATTTTATTTTATTATTTTTAGGAGTTAACATAACTTTTTTTCCTCAACATTTTTTAGGATTGAGGGGTATACCACGGCGGTACTCTGATTATCCAGATGTTTATTTAAGGTGAAATTTATTGTCTTCAATTGGGGCATTTATTTCATTTATTTCTACTTTATTATTCATATATATTTTATGAGAAGCATTAACTAGTCAACGAACAGTTGTATTTTTAAAAAAAATAAATACTTCTTTAGAATGATTAGTTTCTTA"
"56",">ZWY_1M_1-H29","CATTAGGAATAGTATATGCAATAGTAACTATTGGAGTTATAGGATTTGTTGTATGAGGGCATCATATATTTACTGTTGGAATAGATGTAGATACTCGAGCATATTTTACTTCTGCTACAATAGTAATTGCCATTCCTACAGGAATTAAAATTTTTAGATGATTGGCTACAATAAGAGGTAGGAAGATTGAATTAAATGTTACAAATTTATGAGCTTTAGGATTTATTTTTTTATTTACTATTGGTGGGTTAACTGGAGTAGTATTAGCTAATTCATCTTTAGATATTATTCTTCATGATACTTATTATGTTGTTGCTCATTTTCATTATGTTTTATCAATAGGAGCTGTTTATGCAATTTTTGGAAGATTTATTTATTGGTTTCCATTATTTAGTGGTGTAAGAATAAATCAAAAATTATTAAAAATTCATTTTATTTTATTATTTTTAGGAGTTAACATAACCTTTTTTCCTCAACATTTTTTAGGATTGAGGGGTATGCCACGGCGGTACTCTGATTATCCAGATGTTTATTTAAGGTGAAATTTATTGTCTTCAATTGGGGCATTTATTTCATTTATTTCTACTTTATTATTCATATATATTTTATGAGAAGCATTAATTAGCCAACGAACAGTTGTATTTTTAAAAAAAATAAATACTTCTTTAGAATGATTAGTTTCTTA"
"57",">DHS_W_1-H4","CATTAGGAATAGTATATGCAATAGTAACTATTGGAGTTATAGGATTTGTTGTATGAGGGCATCATATATTTACTGTTGGAATAGATGTAGATACTCGAGCATATTTTACTTCTGCTACAATAGTAATTGCCATTCCTACAGGAATTAAAATTTTTAGATGATTGGCTACAATAAGAGGTAGGAAGATTGAATTAAATGTTACAAATTTATGAGCTTTAGGATTTATTTTTTTATTTACTATTGGCGGGTTAACTGGAGTAGTATTAGCTAATTCATCTTTAGATATTATTCTTCATGATACTTATTATGTTGTTGCTCATTTTCATTATGTTTTATCAATAGGAGCTGTTTATGCAATTTTTGGAAGATTTATTTATTGGTTTCCATTATTTAGTGGTGTAAGAATAAATCAAAAATTATTAAAAATTCATTTTATTTTATTATTTTTAGGAGTTAACATAACTTTTTTTCCTCAACATTTTTTAGGATTGAGGGGTATACCACGGCGGTACTCTGATTATCCAGATGTTTATTTAAGGTGAAATTTATTGTCTTCAATTGGGGCATTTATTTCATTTATTTCTACTTTATTATTCATATATATTTTATGAGAAGCATTAATTAGTCAACGAACAGTTGTATTTTTAAAAAAAATAAATACTTCTTTAGAATGATTAGTTTCTTA"
"58",">DHS_BB_1-H4","CATTAGGAATAGTATATGCAATAGTAACTATTGGAGTTATAGGATTTGTTGTATGAGGGCATCATATATTTACTGTTGGAATAGATGTAGATACTCGAGCATATTTTACTTCTGCTACAATAGTAATTGCCATTCCTACAGGAATTAAAATTTTTAGATGATTGGCTACAATAAGAGGTAGGAAGATTGAATTAAATGTTACAAATTTATGAGCTTTAGGATTTATTTTTTTATTTACTATTGGCGGGTTAACTGGAGTAGTATTAGCTAATTCATCTTTAGATATTATTCTTCATGATACTTATTATGTTGTTGCTCATTTTCATTATGTTTTATCAATAGGAGCTGTTTATGCAATTTTTGGAAGATTTATTTATTGGTTTCCATTATTTAGTGGTGTAAGAATAAATCAAAAATTATTAAAAATTCATTTTATTTTATTATTTTTAGGAGTTAACATAACTTTTTTTCCTCAACATTTTTTAGGATTGAGGGGTATACCACGGCGGTACTCTGATTATCCAGATGTTTATTTAAGGTGAAATTTATTGTCTTCAATTGGGGCATTTATTTCATTTATTTCTACTTTATTATTCATATATATTTTATGAGAAGCATTAATTAGTCAACGAACAGTTGTATTTTTAAAAAAAATAAATACTTCTTTAGAATGATTAGTTTCTTA"
"59",">DHS_C_1-H5","CATTAGGAATAGTATATGCAATAGTAACTATTGGAGTTATAGGATTTGTTGTATGAGGGCATCATATATTTACTGTTGGAATAGATGTAGATACTCGAGCATATTTTACTTCTGCTACAATAGTAATTGCCATTCCTACAGGAATTAAAATTTTTAGATGATTGGCTACAATAAGAGGTAGGAAGATTGAATTAAATGTTACAAATTTATGAGCTTTAGGATTTATTTTTTTATTTACTATTGGTGGGTTAACTGGAGTAGTATTAGCTAATTCATCTTTAGATATTATTCTTCATGATACTTATTATGTTGTTGCTCATTTTCATTATGTTTTATCAATAGGAGCTGTTTATGCAATTTTTGGAAGATTTATTTATTGGTTTCCATTATTTAGTGGTGTAAGAATAAATCAAAAATTATTAAAAATTCATTTTATTTTATTATTTTTAGGAGTTAACATAACCTTTTTTCCTCAACATTTTTTAGGATTGAGGGGTATGCCACGGCGGTACTCTGATTATCCAGATGTTTATTTAAGGTGAAATTTATTGTCTTCAATTGGGGCATTTATTTCATTTATTTCTACTTTATTATTCATATATATTTTATGAGAAGCATTAATTAGTCAACGAACAGTTGTATTTTTAAAAAAAATAAATACTTCTTTAGAATGATTAGTTTCTTA"
"60",">DHS_A_1-H5","CATTAGGAATAGTATATGCAATAGTAACTATTGGAGTTATAGGATTTGTTGTATGAGGGCATCATATATTTACTGTTGGAATAGATGTAGATACTCGAGCATATTTTACTTCTGCTACAATAGTAATTGCCATTCCTACAGGAATTAAAATTTTTAGATGATTGGCTACAATAAGAGGTAGGAAGATTGAATTAAATGTTACAAATTTATGAGCTTTAGGATTTATTTTTTTATTTACTATTGGTGGGTTAACTGGAGTAGTATTAGCTAATTCATCTTTAGATATTATTCTTCATGATACTTATTATGTTGTTGCTCATTTTCATTATGTTTTATCAATAGGAGCTGTTTATGCAATTTTTGGAAGATTTATTTATTGGTTTCCATTATTTAGTGGTGTAAGAATAAATCAAAAATTATTAAAAATTCATTTTATTTTATTATTTTTAGGAGTTAACATAACCTTTTTTCCTCAACATTTTTTAGGATTGAGGGGTATGCCACGGCGGTACTCTGATTATCCAGATGTTTATTTAAGGTGAAATTTATTGTCTTCAATTGGGGCATTTATTTCATTTATTTCTACTTTATTATTCATATATATTTTATGAGAAGCATTAATTAGTCAACGAACAGTTGTATTTTTAAAAAAAATAAATACTTCTTTAGAATGATTAGTTTCTTA"
"61",">DHS_AA_1-H5","CATTAGGAATAGTATATGCAATAGTAACTATTGGAGTTATAGGATTTGTTGTATGAGGGCATCATATATTTACTGTTGGAATAGATGTAGATACTCGAGCATATTTTACTTCTGCTACAATAGTAATTGCCATTCCTACAGGAATTAAAATTTTTAGATGATTGGCTACAATAAGAGGTAGGAAGATTGAATTAAATGTTACAAATTTATGAGCTTTAGGATTTATTTTTTTATTTACTATTGGTGGGTTAACTGGAGTAGTATTAGCTAATTCATCTTTAGATATTATTCTTCATGATACTTATTATGTTGTTGCTCATTTTCATTATGTTTTATCAATAGGAGCTGTTTATGCAATTTTTGGAAGATTTATTTATTGGTTTCCATTATTTAGTGGTGTAAGAATAAATCAAAAATTATTAAAAATTCATTTTATTTTATTATTTTTAGGAGTTAACATAACCTTTTTTCCTCAACATTTTTTAGGATTGAGGGGTATGCCACGGCGGTACTCTGATTATCCAGATGTTTATTTAAGGTGAAATTTATTGTCTTCAATTGGGGCATTTATTTCATTTATTTCTACTTTATTATTCATATATATTTTATGAGAAGCATTAATTAGTCAACGAACAGTTGTATTTTTAAAAAAAATAAATACTTCTTTAGAATGATTAGTTTCTTA"
"62",">YK_A_1-H5","CATTAGGAATAGTATATGCAATAGTAACTATTGGAGTTATAGGATTTGTTGTATGAGGGCATCATATATTTACTGTTGGAATAGATGTAGATACTCGAGCATATTTTACTTCTGCTACAATAGTAATTGCCATTCCTACAGGAATTAAAATTTTTAGATGATTGGCTACAATAAGAGGTAGGAAGATTGAATTAAATGTTACAAATTTATGAGCTTTAGGATTTATTTTTTTATTTACTATTGGTGGGTTAACTGGAGTAGTATTAGCTAATTCATCTTTAGATATTATTCTTCATGATACTTATTATGTTGTTGCTCATTTTCATTATGTTTTATCAATAGGAGCTGTTTATGCAATTTTTGGAAGATTTATTTATTGGTTTCCATTATTTAGTGGTGTAAGAATAAATCAAAAATTATTAAAAATTCATTTTATTTTATTATTTTTAGGAGTTAACATAACCTTTTTTCCTCAACATTTTTTAGGATTGAGGGGTATGCCACGGCGGTACTCTGATTATCCAGATGTTTATTTAAGGTGAAATTTATTGTCTTCAATTGGGGCATTTATTTCATTTATTTCTACTTTATTATTCATATATATTTTATGAGAAGCATTAATTAGTCAACGAACAGTTGTATTTTTAAAAAAAATAAATACTTCTTTAGAATGATTAGTTTCTTA"
"63",">DHS_Y_1-H6","CATTAGGAATAGTATATGCAATAGTAACTATTGGAGTTATAGGATTTGTTGTATGAGGGCATCATATATTTACTGTTGGAATAGATGTAGATACTCGAGCATATTTTACTTCTGCTACAATAGTAATTGCCATTCCTACAGGAATTAAAATTTTTAGATGATTGGCTACAATAAGAGGTAGGAAGATTGAATTAAATGTTACAAATTTATGAGCTTTAGGATTTATTTTTTTATTTACTATTGGTGGGTTAACTGGAGTAGTATTAGCTAATTCATCTTTAGATATTATTCTTCATGATACTTATTATGTTGTTGCTCATTTTCATTATGTTTTATCAATAGGAGCTGTTTATGCAATTTTTGGAAGATTTATTTATTGGTTTCCATTATTTAGTGGTGTAAGAATAAATCAAAAATTATTAAAAATTCATTTTATTTTATTATTTTTAGGAGTTAACATAACTTTTTTTCCTCAACATTTTTTAGGATTGAGGGGTATACCACGGCGGTACTCTGATTATCCAGATGTTTATTTAAGGTGAAATTTATTGTCTTCAATTGGGGCATTTATTTCATTTATTTCTACTTTATTATTCATATATATTTTATGAGAAGCATTAATTAGTCAACGAACAGTTGTATTTTTAAAAAAAATAAATACTTCTTTAGAATGATTAGTTTCTTA"
"64",">YK_C_1-H6","CATTAGGAATAGTATATGCAATAGTAACTATTGGAGTTATAGGATTTGTTGTATGAGGGCATCATATATTTACTGTTGGAATAGATGTAGATACTCGAGCATATTTTACTTCTGCTACAATAGTAATTGCCATTCCTACAGGAATTAAAATTTTTAGATGATTGGCTACAATAAGAGGTAGGAAGATTGAATTAAATGTTACAAATTTATGAGCTTTAGGATTTATTTTTTTATTTACTATTGGTGGGTTAACTGGAGTAGTATTAGCTAATTCATCTTTAGATATTATTCTTCATGATACTTATTATGTTGTTGCTCATTTTCATTATGTTTTATCAATAGGAGCTGTTTATGCAATTTTTGGAAGATTTATTTATTGGTTTCCATTATTTAGTGGTGTAAGAATAAATCAAAAATTATTAAAAATTCATTTTATTTTATTATTTTTAGGAGTTAACATAACTTTTTTTCCTCAACATTTTTTAGGATTGAGGGGTATACCACGGCGGTACTCTGATTATCCAGATGTTTATTTAAGGTGAAATTTATTGTCTTCAATTGGGGCATTTATTTCATTTATTTCTACTTTATTATTCATATATATTTTATGAGAAGCATTAATTAGTCAACGAACAGTTGTATTTTTAAAAAAAATAAATACTTCTTTAGAATGATTAGTTTCTTA"
"65",">DHS_DD_1-H14","CATTAGGAATAGTATATGCAATAGTAACTATTGGAGTTATAGGATTTGTTGTATGAGGGCATCATATATTTACTGTTGGAATAGATGTAGATACTCGAGCGTATTTTACTTCTGCTACAATAGTAATTGCCATTCCTACAGGAATTAAAATTTTTAGATGATTGGCTACAATAAGAGGTAGGAAGATTGAATTAAATGTTACAAATTTATGAGCTTTAGGATTTATTTTTTTATTTACTATTGGTGGGTTAACTGGAGTAGTATTAGCTAATTCATCTTTAGATATTATTCTTCATGATACTTATTATGTTGTTGCTCATTTTCATTATGTTTTATCAATAGGAGCTGTTTATGCAATTTTTGGAAGATTTATTTATTGGTTTCCATTATTTAGTGGTGTAAGAATAAATCAAAAATTATTAAAAATTCATTTTATTTTATTATTTTTAGGAGTTAACATAACCTTTTTTCCTCAACATTTTTTAGGATTGAGGGGTATGCCACGGCGGTACTCTGATTATCCAGATGTTTATTTAAGGTGAAATTTATTGTCTTCAATTGGGGCATTTATTTCATTTATTTCTACTTTATTATTCATATATATTTTATGAGAAGCATTAATTAGTCAACGAACAGTTGTATTTTTAAAAAAAATAAATACTTCTTTAGAATGATTAGTTTCTTA"
"66",">DHS_CC_1-H22","CATTAGGAATAGTATATGCAATAGTAACTATTGGAGTTATAGGATTTGTTGTATGAGGGCATCATATATTTACTGTTGGAATAGATGTAGATACTCGAGCATATTTTACTTCTGCTACAATAGTAATTGCCATTCCTACAGGAATTAAAATTTTTAGATGATTGGCTACAATAAGAGGTAGGAAGATTGAATTAAATGTTACAAATTTATGAGCTTTAGGATTTATTTTTTTATTCACTATTGGTGGGTTAACTGGAGTAGTATTAGCTAATTCATCTTTAGATATTATTCTTCATGATACTTATTATGTTGTTGCTCATTTTCATTATGTTTTATCAATAGGAGCTGTTTATGCAATTTTTGGAAGATTTATTTATTGGTTTCCATTATTTAGTGGTGTAAGAATAAATCAAAAATTATTAAAAATTCATTTTATTTTATTATTTTTAGGAGTTAACATAACTTTTTTTCCTCAACATTTTTTAGGATTGAGGGGTATACCACGGCGGTACTCTGACTATCCAGATGTTTATTTAAGGTGAAATTTATTGTCTTCAATTGGGGCATTTATTTCATTTATTTCTACTTTATTATTCATATATATTTTATGAGAAGCATTAATTAGTCAACGAACAGTTGTATTTTTAAAAAAAATAAATACTTCTTTAGAATGATTAGTTTCTTA"
"67",">DHS_E_1-H23","CATTAGGAATAGTATATGCAATAGTAACTATTGGAGTTATAGGATTTGTTGTATGAGGGCATCATATATTTACTGTTGGAATAGATGTAGATACTCGAGCATATTTTACTTCTGCTACAATAGTAATTGCCATTCCTACAGGAATTAAAATTTTTAGATGATTGGCTACAATAAGAGGTAGGAAGATTGAATTAAATGTTACAAATTTATGAGCTTTAGGATTTATTTTTTTATTTACTATTGGTGGGTTAACTGGAGTAGTATTAGCTAATTCATCTTTAGATATTATTCTTCATGATACTTATTATGTTGTTGCTCATTTTCATTATGTTTTATCAATAGGAGCTGTTTATGCAATTTTTGGAAGATTTATTTATTGGTTTCCATTATTTAGTGGTGTAAGAATAAATCAAAAATTATTAAAAATTCATTTTATTTTATTATTTTTAGGAGTTAACATAACCTTTTTTCCTCAACATTTTTTAGGATTGAGGGGTATACCACGGCGGTACTCTGATTATCCAGATGTTTATTTAAGGTGAAATTTATTGTCTTCAATTGGGGCATTTATTTCATTTATTTCTACTTTATTATTCATATATATTTTATGAGAAGCATTAATTAGTCAACGAACAGTTGTATTTTTAAAAAAAATAAATACTTCTTTAGAATGATTAGTTTCTTA"
"68",">DHS_G_1-H24","CATTAGGAATAGTATATGCAATAGTAACTATTGGAGTTATAGGATTTGTTGTATGAGGGCATCATATATTTACTGTTGGAATAGATGTAGATACTCGAGCATATTTTACTTCTGCTACAATAGTAATTGCCATTCCTACAGGAATTAAAATTTTTAGATGATTGGCTACAATAAGAGGTAGGAAGATTGAATTAAATGTTACAAATTTATGAGCTTTAGGATTTATTTTTTTATTTACTATTGGTGGGTTAACTGGAGTAGTATTAGCTAATTCATCTTTAGATATTATTCTTCATGATACTTATTATGTTGTTGCTCATTTTCATTATGTTTTATCAATAGGAGCTGTTTATGCAATTTTTGGAAGATTTATTTATTGGTTTCCATTATTTAGTGGTGTAAGAATAAATCAAAAATTATTAAAAATTCATTTTATTTTATTATTTTTAGGAGTTAATATAACTTTTTTTCCTCAACATTTTTTAGGATTGAGGGGTATACCACGGCGGTACTCTGATTATCCAGATGTTTATTTAAGGTGAAATTTATTGTCTTCAATTGGGGCATTTATTTCATTTATTTCTACTTTATTATTCATATATATTTTATGAGAAGCATTAATTAGTCAACGAACAGTTGTATTTTTAAAAAAAATAAATACTTCTTTAGAATGATTAGTTTCTTA"
"69",">YK_B_1-H25","CATTAGGAATAGTATATGCAATAGTAACTATTGGAGTTATAGGATTTGTTGTATGAGGGCATCATATATTTACTGTTGGAATAGATGTAGATACTCGAGCATATTTTACTTCTGCTACAATAGTAATTGCCATTCCTACAGGAATTAAAATTTTTAGATGATTGGCTACAATAAGAGGTAGGAAGATTGAATTAAATGTTACAAATTTATGAGCTTTAGGATTTATTTTTTTATTTACTATTGGTGGGTTAACTGGAGTAGTATTAGCTAATTCATCTTTAGATATTATTCTTCATGATACTTATTATGTTGTTGCTCATTTTCATTATGTTTTATCAATAGGAGCTGTTTATGCAATTTTTGGAAGATTTATTTATTGGTTTCCATTATTTAGTGGTGTAAGAATAAATCAAAAATTATTAAAAATTCATTTTATTTTATTATTTTTAGGAGTAAACATAACTTTTTTTCCTCAACATTTTTTAGGATTGAGGGGTATACCACGGCGGTACTCTGATTATCCAGATGTTTATTTAAGGTGAAATTTATTGTCTTCAATTGGGGCATTTATTTCATTTATTTCTACTTTATTATTCATATATATTTTATGAGAAGCATTAATTAGTCAACGAACAGTTGTATTTTTAAAAAAAATAAATACTTCTTTAGAATGATTAGTTTCTTA"
"70",">YK_D_1-H26","CATTAGGAATAGTATATGCAATAGTAACTATTGGAGTTATAGGATTTGTTGTATGAGGGCATCATATATTTACTGTTGGAATAGATGTAGATACTCGAGCATATTTTACTTCTGCTACAATAGTAATTGCCATTCCTACAGGAATTAAAATTTTTAGATGATTGGCTACAATAAGAGGTAGGAAGATTGAATTAAATGTTACAAATTTATGAGCTTTAGGATTTATTTTTTTATTCACTATTGGTGGGTTAACTGGAGTAGTATTAGCTAATTCATCTTTAGATATTATTCTTCATGATACTTATTATGTTGTTGCTCATTTTCATTATGTTTTATCAATAGGAGCTGTTTATGCAATTTTTGGAAGATTTATTTATTGGTTTCCATTATTTAGTGGTGTAAGAATAAATCAAAAATTATTAAAAATTCATTTTATTTTATTATTTTTAGGAGTTAACATAACTTTTTTTCCTCAACATTTTTTAGGATTGAGGGGTATACCACGGCGGTACTCTGATTATCCAGATGTTTATTTAAGGTGAAATTTATTGTCTTCAATTGGGGCATTTATTTCATTTATTTCTACTTTATTATTCATATATATCTTATGAGAAGCATTAATTAGTCAACGAACAGTTGTATTTTTAAAAAAAATAAATACTTCTTTAGAATGATTAGTTTCTTA"
"71",">HN10-H5","CATTAGGAATAGTATATGCAATAGTAACTATTGGAGTTATAGGATTTGTTGTATGAGGGCATCATATATTTACTGTTGGAATAGATGTAGATACTCGAGCATATTTTACTTCTGCTACAATAGTAATTGCCATTCCTACAGGAATTAAAATTTTTAGATGATTGGCTACAATAAGAGGTAGGAAGATTGAATTAAATGTTACAAATTTATGAGCTTTAGGATTTATTTTTTTATTTACTATTGGTGGGTTAACTGGAGTAGTATTAGCTAATTCATCTTTAGATATTATTCTTCATGATACTTATTATGTTGTTGCTCATTTTCATTATGTTTTATCAATAGGAGCTGTTTATGCAATTTTTGGAAGATTTATTTATTGGTTTCCATTATTTAGTGGTGTAAGAATAAATCAAAAATTATTAAAAATTCATTTTATTTTATTATTTTTAGGAGTTAACATAACCTTTTTTCCTCAACATTTTTTAGGATTGAGGGGTATGCCACGGCGGTACTCTGATTATCCAGATGTTTATTTAAGGTGAAATTTATTGTCTTCAATTGGGGCATTTATTTCATTTATTTCTACTTTATTATTCATATATATTTTATGAGAAGCATTAATTAGTCAACGAACAGTTGTATTTTTAAAAAAAATAAATACTTCTTTAGAATGATTAGTTTCTTA"
"72",">HN10.3-H5","CATTAGGAATAGTATATGCAATAGTAACTATTGGAGTTATAGGATTTGTTGTATGAGGGCATCATATATTTACTGTTGGAATAGATGTAGATACTCGAGCATATTTTACTTCTGCTACAATAGTAATTGCCATTCCTACAGGAATTAAAATTTTTAGATGATTGGCTACAATAAGAGGTAGGAAGATTGAATTAAATGTTACAAATTTATGAGCTTTAGGATTTATTTTTTTATTTACTATTGGTGGGTTAACTGGAGTAGTATTAGCTAATTCATCTTTAGATATTATTCTTCATGATACTTATTATGTTGTTGCTCATTTTCATTATGTTTTATCAATAGGAGCTGTTTATGCAATTTTTGGAAGATTTATTTATTGGTTTCCATTATTTAGTGGTGTAAGAATAAATCAAAAATTATTAAAAATTCATTTTATTTTATTATTTTTAGGAGTTAACATAACCTTTTTTCCTCAACATTTTTTAGGATTGAGGGGTATGCCACGGCGGTACTCTGATTATCCAGATGTTTATTTAAGGTGAAATTTATTGTCTTCAATTGGGGCATTTATTTCATTTATTTCTACTTTATTATTCATATATATTTTATGAGAAGCATTAATTAGTCAACGAACAGTTGTATTTTTAAAAAAAATAAATACTTCTTTAGAATGATTAGTTTCTTA"
"73",">HN11.2-H5","CATTAGGAATAGTATATGCAATAGTAACTATTGGAGTTATAGGATTTGTTGTATGAGGGCATCATATATTTACTGTTGGAATAGATGTAGATACTCGAGCATATTTTACTTCTGCTACAATAGTAATTGCCATTCCTACAGGAATTAAAATTTTTAGATGATTGGCTACAATAAGAGGTAGGAAGATTGAATTAAATGTTACAAATTTATGAGCTTTAGGATTTATTTTTTTATTTACTATTGGTGGGTTAACTGGAGTAGTATTAGCTAATTCATCTTTAGATATTATTCTTCATGATACTTATTATGTTGTTGCTCATTTTCATTATGTTTTATCAATAGGAGCTGTTTATGCAATTTTTGGAAGATTTATTTATTGGTTTCCATTATTTAGTGGTGTAAGAATAAATCAAAAATTATTAAAAATTCATTTTATTTTATTATTTTTAGGAGTTAACATAACCTTTTTTCCTCAACATTTTTTAGGATTGAGGGGTATGCCACGGCGGTACTCTGATTATCCAGATGTTTATTTAAGGTGAAATTTATTGTCTTCAATTGGGGCATTTATTTCATTTATTTCTACTTTATTATTCATATATATTTTATGAGAAGCATTAATTAGTCAACGAACAGTTGTATTTTTAAAAAAAATAAATACTTCTTTAGAATGATTAGTTTCTTA"
"74",">HN11.4-H5","CATTAGGAATAGTATATGCAATAGTAACTATTGGAGTTATAGGATTTGTTGTATGAGGGCATCATATATTTACTGTTGGAATAGATGTAGATACTCGAGCATATTTTACTTCTGCTACAATAGTAATTGCCATTCCTACAGGAATTAAAATTTTTAGATGATTGGCTACAATAAGAGGTAGGAAGATTGAATTAAATGTTACAAATTTATGAGCTTTAGGATTTATTTTTTTATTTACTATTGGTGGGTTAACTGGAGTAGTATTAGCTAATTCATCTTTAGATATTATTCTTCATGATACTTATTATGTTGTTGCTCATTTTCATTATGTTTTATCAATAGGAGCTGTTTATGCAATTTTTGGAAGATTTATTTATTGGTTTCCATTATTTAGTGGTGTAAGAATAAATCAAAAATTATTAAAAATTCATTTTATTTTATTATTTTTAGGAGTTAACATAACCTTTTTTCCTCAACATTTTTTAGGATTGAGGGGTATGCCACGGCGGTACTCTGATTATCCAGATGTTTATTTAAGGTGAAATTTATTGTCTTCAATTGGGGCATTTATTTCATTTATTTCTACTTTATTATTCATATATATTTTATGAGAAGCATTAATTAGTCAACGAACAGTTGTATTTTTAAAAAAAATAAATACTTCTTTAGAATGATTAGTTTCTTA"
"75",">HN4-H6","CATTAGGAATAGTATATGCAATAGTAACTATTGGAGTTATAGGATTTGTTGTATGAGGGCATCATATATTTACTGTTGGAATAGATGTAGATACTCGAGCATATTTTACTTCTGCTACAATAGTAATTGCCATTCCTACAGGAATTAAAATTTTTAGATGATTGGCTACAATAAGAGGTAGGAAGATTGAATTAAATGTTACAAATTTATGAGCTTTAGGATTTATTTTTTTATTTACTATTGGTGGGTTAACTGGAGTAGTATTAGCTAATTCATCTTTAGATATTATTCTTCATGATACTTATTATGTTGTTGCTCATTTTCATTATGTTTTATCAATAGGAGCTGTTTATGCAATTTTTGGAAGATTTATTTATTGGTTTCCATTATTTAGTGGTGTAAGAATAAATCAAAAATTATTAAAAATTCATTTTATTTTATTATTTTTAGGAGTTAACATAACTTTTTTTCCTCAACATTTTTTAGGATTGAGGGGTATACCACGGCGGTACTCTGATTATCCAGATGTTTATTTAAGGTGAAATTTATTGTCTTCAATTGGGGCATTTATTTCATTTATTTCTACTTTATTATTCATATATATTTTATGAGAAGCATTAATTAGTCAACGAACAGTTGTATTTTTAAAAAAAATAAATACTTCTTTAGAATGATTAGTTTCTTA"
"76",">HN11.1-H6","CATTAGGAATAGTATATGCAATAGTAACTATTGGAGTTATAGGATTTGTTGTATGAGGGCATCATATATTTACTGTTGGAATAGATGTAGATACTCGAGCATATTTTACTTCTGCTACAATAGTAATTGCCATTCCTACAGGAATTAAAATTTTTAGATGATTGGCTACAATAAGAGGTAGGAAGATTGAATTAAATGTTACAAATTTATGAGCTTTAGGATTTATTTTTTTATTTACTATTGGTGGGTTAACTGGAGTAGTATTAGCTAATTCATCTTTAGATATTATTCTTCATGATACTTATTATGTTGTTGCTCATTTTCATTATGTTTTATCAATAGGAGCTGTTTATGCAATTTTTGGAAGATTTATTTATTGGTTTCCATTATTTAGTGGTGTAAGAATAAATCAAAAATTATTAAAAATTCATTTTATTTTATTATTTTTAGGAGTTAACATAACTTTTTTTCCTCAACATTTTTTAGGATTGAGGGGTATACCACGGCGGTACTCTGATTATCCAGATGTTTATTTAAGGTGAAATTTATTGTCTTCAATTGGGGCATTTATTTCATTTATTTCTACTTTATTATTCATATATATTTTATGAGAAGCATTAATTAGTCAACGAACAGTTGTATTTTTAAAAAAAATAAATACTTCTTTAGAATGATTAGTTTCTTA"
"77",">HN11.3-H6","CATTAGGAATAGTATATGCAATAGTAACTATTGGAGTTATAGGATTTGTTGTATGAGGGCATCATATATTTACTGTTGGAATAGATGTAGATACTCGAGCATATTTTACTTCTGCTACAATAGTAATTGCCATTCCTACAGGAATTAAAATTTTTAGATGATTGGCTACAATAAGAGGTAGGAAGATTGAATTAAATGTTACAAATTTATGAGCTTTAGGATTTATTTTTTTATTTACTATTGGTGGGTTAACTGGAGTAGTATTAGCTAATTCATCTTTAGATATTATTCTTCATGATACTTATTATGTTGTTGCTCATTTTCATTATGTTTTATCAATAGGAGCTGTTTATGCAATTTTTGGAAGATTTATTTATTGGTTTCCATTATTTAGTGGTGTAAGAATAAATCAAAAATTATTAAAAATTCATTTTATTTTATTATTTTTAGGAGTTAACATAACTTTTTTTCCTCAACATTTTTTAGGATTGAGGGGTATACCACGGCGGTACTCTGATTATCCAGATGTTTATTTAAGGTGAAATTTATTGTCTTCAATTGGGGCATTTATTTCATTTATTTCTACTTTATTATTCATATATATTTTATGAGAAGCATTAATTAGTCAACGAACAGTTGTATTTTTAAAAAAAATAAATACTTCTTTAGAATGATTAGTTTCTTA"
"78",">SD18-H5","CATTAGGAATAGTATATGCAATAGTAACTATTGGAGTTATAGGATTTGTTGTATGAGGGCATCATATATTTACTGTTGGAATAGATGTAGATACTCGAGCATATTTTACTTCTGCTACAATAGTAATTGCCATTCCTACAGGAATTAAAATTTTTAGATGATTGGCTACAATAAGAGGTAGGAAGATTGAATTAAATGTTACAAATTTATGAGCTTTAGGATTTATTTTTTTATTTACTATTGGTGGGTTAACTGGAGTAGTATTAGCTAATTCATCTTTAGATATTATTCTTCATGATACTTATTATGTTGTTGCTCATTTTCATTATGTTTTATCAATAGGAGCTGTTTATGCAATTTTTGGAAGATTTATTTATTGGTTTCCATTATTTAGTGGTGTAAGAATAAATCAAAAATTATTAAAAATTCATTTTATTTTATTATTTTTAGGAGTTAACATAACCTTTTTTCCTCAACATTTTTTAGGATTGAGGGGTATGCCACGGCGGTACTCTGATTATCCAGATGTTTATTTAAGGTGAAATTTATTGTCTTCAATTGGGGCATTTATTTCATTTATTTCTACTTTATTATTCATATATATTTTATGAGAAGCATTAATTAGTCAACGAACAGTTGTATTTTTAAAAAAAATAAATACTTCTTTAGAATGATTAGTTTCTTA"
"79",">SD19-H6","CATTAGGAATAGTATATGCAATAGTAACTATTGGAGTTATAGGATTTGTTGTATGAGGGCATCATATATTTACTGTTGGAATAGATGTAGATACTCGAGCATATTTTACTTCTGCTACAATAGTAATTGCCATTCCTACAGGAATTAAAATTTTTAGATGATTGGCTACAATAAGAGGTAGGAAGATTGAATTAAATGTTACAAATTTATGAGCTTTAGGATTTATTTTTTTATTTACTATTGGTGGGTTAACTGGAGTAGTATTAGCTAATTCATCTTTAGATATTATTCTTCATGATACTTATTATGTTGTTGCTCATTTTCATTATGTTTTATCAATAGGAGCTGTTTATGCAATTTTTGGAAGATTTATTTATTGGTTTCCATTATTTAGTGGTGTAAGAATAAATCAAAAATTATTAAAAATTCATTTTATTTTATTATTTTTAGGAGTTAACATAACTTTTTTTCCTCAACATTTTTTAGGATTGAGGGGTATACCACGGCGGTACTCTGATTATCCAGATGTTTATTTAAGGTGAAATTTATTGTCTTCAATTGGGGCATTTATTTCATTTATTTCTACTTTATTATTCATATATATTTTATGAGAAGCATTAATTAGTCAACGAACAGTTGTATTTTTAAAAAAAATAAATACTTCTTTAGAATGATTAGTTTCTTA"
"80",">SD12-H6","CATTAGGAATAGTATATGCAATAGTAACTATTGGAGTTATAGGATTTGTTGTATGAGGGCATCATATATTTACTGTTGGAATAGATGTAGATACTCGAGCATATTTTACTTCTGCTACAATAGTAATTGCCATTCCTACAGGAATTAAAATTTTTAGATGATTGGCTACAATAAGAGGTAGGAAGATTGAATTAAATGTTACAAATTTATGAGCTTTAGGATTTATTTTTTTATTTACTATTGGTGGGTTAACTGGAGTAGTATTAGCTAATTCATCTTTAGATATTATTCTTCATGATACTTATTATGTTGTTGCTCATTTTCATTATGTTTTATCAATAGGAGCTGTTTATGCAATTTTTGGAAGATTTATTTATTGGTTTCCATTATTTAGTGGTGTAAGAATAAATCAAAAATTATTAAAAATTCATTTTATTTTATTATTTTTAGGAGTTAACATAACTTTTTTTCCTCAACATTTTTTAGGATTGAGGGGTATACCACGGCGGTACTCTGATTATCCAGATGTTTATTTAAGGTGAAATTTATTGTCTTCAATTGGGGCATTTATTTCATTTATTTCTACTTTATTATTCATATATATTTTATGAGAAGCATTAATTAGTCAACGAACAGTTGTATTTTTAAAAAAAATAAATACTTCTTTAGAATGATTAGTTTCTTA"
"81",">SD11-H6","CATTAGGAATAGTATATGCAATAGTAACTATTGGAGTTATAGGATTTGTTGTATGAGGGCATCATATATTTACTGTTGGAATAGATGTAGATACTCGAGCATATTTTACTTCTGCTACAATAGTAATTGCCATTCCTACAGGAATTAAAATTTTTAGATGATTGGCTACAATAAGAGGTAGGAAGATTGAATTAAATGTTACAAATTTATGAGCTTTAGGATTTATTTTTTTATTTACTATTGGTGGGTTAACTGGAGTAGTATTAGCTAATTCATCTTTAGATATTATTCTTCATGATACTTATTATGTTGTTGCTCATTTTCATTATGTTTTATCAATAGGAGCTGTTTATGCAATTTTTGGAAGATTTATTTATTGGTTTCCATTATTTAGTGGTGTAAGAATAAATCAAAAATTATTAAAAATTCATTTTATTTTATTATTTTTAGGAGTTAACATAACTTTTTTTCCTCAACATTTTTTAGGATTGAGGGGTATACCACGGCGGTACTCTGATTATCCAGATGTTTATTTAAGGTGAAATTTATTGTCTTCAATTGGGGCATTTATTTCATTTATTTCTACTTTATTATTCATATATATTTTATGAGAAGCATTAATTAGTCAACGAACAGTTGTATTTTTAAAAAAAATAAATACTTCTTTAGAATGATTAGTTTCTTA"
"82",">SD15-H12","CATTAGGAATAGTATATGCAATAGTAACTATTGGAGTTATAGGATTTGTTGTATGAGGGCATCATATATTTACTGTTGGAATAGATGTAGATACTCGAGCATATTTTACTTCTGCTACAATAGTAATTGCCATTCCTACAGGAATTAAAATTTTTAGATGATTGGCTACAATAAGAGGTAGGAAGATTGAATTAAATGTTACAAATTTATGAGCTTTAGGATTTATTTTTTTATTTACTATTGGTGGGTTAACTGGAGTAGTATTAGCTAATTCATCTTTAGATATTATTCTTCATGATACTTATTATGTTGTTGCTCATTTTCATTATGTTTTATCAATAGGAGCTGTTTATGCAATTTTTGGAAGATTTATTTATTGGTTTCCATTATTTAGTGGTGTAAGAATAAATCAAAAATTATTAAAAATTCATTTTATTTTATTATTTTTAGGAGTTAACATAACCTTTTTTCCTCAGCATTTTTTAGGATTGAGGGGTATGCCACGGCGGTACTCTGATTATCCAGATGTTTATTTAAGGTGAAATTTATTGTCTTCAATTGGGGCATTTATTTCATTTATTTCTACTTTATTATTCATATATATTTTATGAGAAGCATTAATTAGTCAACGAACAGTTGTATTTTTAAAAAAAATAAATACTTCTTTAGAATGATTAGTTTCTTA"
"83",">SD17-H16","CATTAGGAATAGTATATGCAATAGTAACTATTGGAGTTATAGGATTTGTTGTATGAGGGCATCATATATTTACTGTTGGAATAGATGTAGATACTCGAGCATATTTTACTTCTGCTACAATAGTAATTGCCATTCCTACAGGAATTAAAATTTTTAGATGATTGGCTACAATAAGAGGTAGGAAGATTGAATTAAATGTTACAAATTTATGAGCTTTAGGATTTATTTTTTTATTTACTATTGGTGGGTTAACTGGAGTAGTATTAGCTAATTCATCTTTAGATATTATTCTTCATGATACTTATTATGTTGTTGCTCATTTTCATTATGTTTTATCAATAGGAGCTGTTTATGCAATTTTTGGAAGATTTATTTATTGGTTTCCATTATTTAGTGGTGTAAGAATAAATCAAAAATTATTAAAAATTCATTTTATTTTATTATTTTTAGGAGTTAACATAACCTTTTTTCCTCAACATTTTTTAGGATTGAGGGGTATGCCACGGCGGTACTCTGATTATCCAGATGTTTATTTAAGGTGAAATTTATTGTCTTCAATTGGGGCATTTATTTCATTTATTTCTACTTTATTATTCATATATATTTTATGAGAAGCATTAATTAGTCAACGAACAGTTGTATTTTTAAAAAAAATAAATACTTCTTTAGAATGACTAGTTTCTTA"
"84",">NN10-H5","CATTAGGAATAGTATATGCAATAGTAACTATTGGAGTTATAGGATTTGTTGTATGAGGGCATCATATATTTACTGTTGGAATAGATGTAGATACTCGAGCATATTTTACTTCTGCTACAATAGTAATTGCCATTCCTACAGGAATTAAAATTTTTAGATGATTGGCTACAATAAGAGGTAGGAAGATTGAATTAAATGTTACAAATTTATGAGCTTTAGGATTTATTTTTTTATTTACTATTGGTGGGTTAACTGGAGTAGTATTAGCTAATTCATCTTTAGATATTATTCTTCATGATACTTATTATGTTGTTGCTCATTTTCATTATGTTTTATCAATAGGAGCTGTTTATGCAATTTTTGGAAGATTTATTTATTGGTTTCCATTATTTAGTGGTGTAAGAATAAATCAAAAATTATTAAAAATTCATTTTATTTTATTATTTTTAGGAGTTAACATAACCTTTTTTCCTCAACATTTTTTAGGATTGAGGGGTATGCCACGGCGGTACTCTGATTATCCAGATGTTTATTTAAGGTGAAATTTATTGTCTTCAATTGGGGCATTTATTTCATTTATTTCTACTTTATTATTCATATATATTTTATGAGAAGCATTAATTAGTCAACGAACAGTTGTATTTTTAAAAAAAATAAATACTTCTTTAGAATGATTAGTTTCTTA"
"85",">NN_C-H6","CATTAGGAATAGTATATGCAATAGTAACTATTGGAGTTATAGGATTTGTTGTATGAGGGCATCATATATTTACTGTTGGAATAGATGTAGATACTCGAGCATATTTTACTTCTGCTACAATAGTAATTGCCATTCCTACAGGAATTAAAATTTTTAGATGATTGGCTACAATAAGAGGTAGGAAGATTGAATTAAATGTTACAAATTTATGAGCTTTAGGATTTATTTTTTTATTTACTATTGGTGGGTTAACTGGAGTAGTATTAGCTAATTCATCTTTAGATATTATTCTTCATGATACTTATTATGTTGTTGCTCATTTTCATTATGTTTTATCAATAGGAGCTGTTTATGCAATTTTTGGAAGATTTATTTATTGGTTTCCATTATTTAGTGGTGTAAGAATAAATCAAAAATTATTAAAAATTCATTTTATTTTATTATTTTTAGGAGTTAACATAACTTTTTTTCCTCAACATTTTTTAGGATTGAGGGGTATACCACGGCGGTACTCTGATTATCCAGATGTTTATTTAAGGTGAAATTTATTGTCTTCAATTGGGGCATTTATTTCATTTATTTCTACTTTATTATTCATATATATTTTATGAGAAGCATTAATTAGTCAACGAACAGTTGTATTTTTAAAAAAAATAAATACTTCTTTAGAATGATTAGTTTCTTA"
"86",">NN-A-H17","CATTAGGAATAGTATATGCAATAGTAACTATTGGAGTTATAGGATTTGTTGTATGAGGGCATCATATATTTACTGTTGGAATAGATGTAGATACTCGAGCATATTTTACTTCTGCTACAATAGTAATTGCCATTCCTACAGGAATTAAAATTTTTAGATGATTGGCTACAATAAGAGGTAGGAAGATTGAATTAAATGTTACAAATTTATGAGCTTTAGGATTTATTTTTTTATTTACTATTGGTGGGTTAACTGGAGTAGTATTAGCTAATTCATCTTTAGATATTATTCTTCATGATACTTATTATGTTGTTGCTCATTTTCATTATGTTTTATCAATAGGAGCTGTTTATGCAATTTTTGGAAGATTTATTTATTGGTTTCCATTATTTAGTGGTGTAAGAATAAATCAAAAATTATTAAAAATTCATTTTATTTTATTATTTTTAGGAGTTAACATAACCTTTTTTCCTCAACATTTTTTAGGATTGAGGGGTATGCCACGGCGGTACTCTGATTATCCAGATGTTTATTTAAGATGAAATTTATTGTCTTCAATTGGGGCATTTATTTCATTTATTTCTACTTTATTATTCATATATATTTTATGAGAAGCATTAATTAGTCAACGAACAGTTGTATTTTTAAAAAAAATAAATACTTCTTTAGAATGATTAGTTTCTTA"
"87",">NN-D-H17","CATTAGGAATAGTATATGCAATAGTAACTATTGGAGTTATAGGATTTGTTGTATGAGGGCATCATATATTTACTGTTGGAATAGATGTAGATACTCGAGCATATTTTACTTCTGCTACAATAGTAATTGCCATTCCTACAGGAATTAAAATTTTTAGATGATTGGCTACAATAAGAGGTAGGAAGATTGAATTAAATGTTACAAATTTATGAGCTTTAGGATTTATTTTTTTATTTACTATTGGTGGGTTAACTGGAGTAGTATTAGCTAATTCATCTTTAGATATTATTCTTCATGATACTTATTATGTTGTTGCTCATTTTCATTATGTTTTATCAATAGGAGCTGTTTATGCAATTTTTGGAAGATTTATTTATTGGTTTCCATTATTTAGTGGTGTAAGAATAAATCAAAAATTATTAAAAATTCATTTTATTTTATTATTTTTAGGAGTTAACATAACCTTTTTTCCTCAACATTTTTTAGGATTGAGGGGTATGCCACGGCGGTACTCTGATTATCCAGATGTTTATTTAAGATGAAATTTATTGTCTTCAATTGGGGCATTTATTTCATTTATTTCTACTTTATTATTCATATATATTTTATGAGAAGCATTAATTAGTCAACGAACAGTTGTATTTTTAAAAAAAATAAATACTTCTTTAGAATGATTAGTTTCTTA"
"88",">NN_F-H17","CATTAGGAATAGTATATGCAATAGTAACTATTGGAGTTATAGGATTTGTTGTATGAGGGCATCATATATTTACTGTTGGAATAGATGTAGATACTCGAGCATATTTTACTTCTGCTACAATAGTAATTGCCATTCCTACAGGAATTAAAATTTTTAGATGATTGGCTACAATAAGAGGTAGGAAGATTGAATTAAATGTTACAAATTTATGAGCTTTAGGATTTATTTTTTTATTTACTATTGGTGGGTTAACTGGAGTAGTATTAGCTAATTCATCTTTAGATATTATTCTTCATGATACTTATTATGTTGTTGCTCATTTTCATTATGTTTTATCAATAGGAGCTGTTTATGCAATTTTTGGAAGATTTATTTATTGGTTTCCATTATTTAGTGGTGTAAGAATAAATCAAAAATTATTAAAAATTCATTTTATTTTATTATTTTTAGGAGTTAACATAACCTTTTTTCCTCAACATTTTTTAGGATTGAGGGGTATGCCACGGCGGTACTCTGATTATCCAGATGTTTATTTAAGATGAAATTTATTGTCTTCAATTGGGGCATTTATTTCATTTATTTCTACTTTATTATTCATATATATTTTATGAGAAGCATTAATTAGTCAACGAACAGTTGTATTTTTAAAAAAAATAAATACTTCTTTAGAATGATTAGTTTCTTA"
"89",">NN_B-H18","CATTAGGAATAGTATATGCAATAGTAACTATTGGAGTTATAGGATTTGTTGTATGAGGGCATCATATATTTACTGTTGGAATAGATGTAGATACTCGAGCATATTTTACTTCTGCTACAATAGTAATTGCCATTCCTACAGGAATTAAAATTTTTAGATGATTGGCTACAATAAGAGGTAGGAAGATTAAATTAAATGTTACAAATTTATGAGCTTTAGGATTTATTTTTTTATTTACTATTGGCGGGTTAACTGGAGTAGTATTAGCTAATTCATCTTTAGATATTATTCTTCATGATACTTATTATGTTGTTGCTCATTTTCATTATGTTTTATCAATAGGAGCTGTTTATGCAATTTTTGGAAGATTTATTTATTGGTTTCCATTATTTAGTGGTGTAAGAATAAATCAAAAATTATTAAAAATTCATTTTATTTTATTATTTTTAGGAGTTAACATAACTTTTTTTCCTCAACATTTTTTAGGATTGAGGGGTATACCACGGCGGTACTCTGATTATCCAGATGTTTATTTAAGGTGAAATTTATTGTCTTCAATTGGGGCATTTATTTCATTTATTTCTACTTTATTATTCATATATATTTTATGAGAAGCATTAATTAGTCAACGAACAGTTGTATTTTTAAAAAAAATAAATACTTCTTTAGAATGATTAGTTTCTTA"
"90",">NN11-H19","CATTAGGAATAGTATATGCAATAGTAACTATTGGAGTTATAGGATTTGTTGTATGAGGGCATCATATATTTACTGTTGGAATAGATGTAGATACTCGAGCATATTTTACTTCTGCTACAATAGTAATTGCCATTCCTACAGGAATTAAAATTTTTAGATGATTGGCTACAATAAGAGGTAGGAAGATTGAATTAAATGTTACAAATTTATGAGCTTTAGGATTTATTTTTTTATTTACTATTGGTGGGTTAACTGGAGTAGTATTAGCTAATTCATCTTTAGATATTATTCTTCATGATACTTATTATGTTGTTGCTCATTTTCATTATGTTTTATCAATAGGAGCTGTTTATGCAATTTTTGGAAGATTTATTTATTGGTTTCCATTATTTAGTGGTGTAAGAATAAATCAAAAATTATTAAAAATTCATTTTATTTTATTATTTTTAGGAGTTAATATAACCTTTTTTCCTCAACATTTTTTAGGATTGAGGGGTATACCACGGCGGTACTCTGATTATCCAGATGTTTATTTAAGGTGAAATTTATTGTCTTCAATTGGGGCATTTATTTCATTTATTTCTACTTTATTATTCATATATATTTTATGAGAAGCATTAATTAGTCAACGAACAGTTGTATTTTTAAAAAAAATAAATACTTCTTTAGAATGATTAGTTTCTTA"
"91",">NN14-H20","CATTAGGAATAGTATATGCAATAGTAACTATTGGAGTTATAGGATTTGTTGTATGAGGGCATCATATATTTACTGTTGGAATAGATGTAGATACTCGAGCATATTTTACTTCTGCTACAATAGTAATTGCCATTCCTACAGGAATTAAAATTTTTAGATGATTGGCTACAATAAGAGGTAGGAAGATTGAATTAAATGTTACAAATTTATGAGCTTTAGGATTTATTTTTTTATTTACTATTGGTGGGTTAACTGGAGTAGTATTAGCTAATTCATCTTTAGATATTATTCTTCATGATACTTATTATGTTGTTGCTCATTTTCATTATGTTTTATCAATAGGAGCTGTTTATGCAATTTTTGGAAGATTTATTTATTGGTTTCCATTATTTAGTGGTGTAAGAATAAATCAAAAATTATTAAAAATTCATTTTATTTTATTATTTTTAGGAGTTAACATAACCTTTTTTCCTCAACATTTTTTAGGATTGAGGGGTATACCACGGCGGTATTCTGATTATCCAGATGTTTATTTAAGGTGAAATTTATTGTCTTCAATTGGGGCATTTATTTCATTTATTTCTACTTTATTATTCATATATATTTTATGAGAAGCATTGATTAGTCAACGAACAGTTGTATTTTTAAAAAAAATAAATACTTCTTTAGAATGATTAGTTTCTTA"
"92",">NN16-H21","CATTAGGAATAGTGTATGCAATAGTAACTATTGGAGTTATAGGATTTGTTGTATGAGGGCATCATATATTTACTGTTGGAATAGATGTAGATACTCGAGCATATTTTACTTCTGCTACAATAGTAATTGCCATTCCTACAGGAATTAAAATTTTTAGATGATTAGCTACAATAAGAGGCAGGAAGATTGAATTAAATGTTACAAATTTATGAGCTTTAGGATTTATTTTTTTATTCACTATTGGTGGGTTAACTGGAGTAGTATTAGCTAATTCATCTTTAGACATTATTCTTCATGATACTTATTATGTTGTTGCTCATTTTCACTATGTTTTATCAATAGGAGCTGTTTATGCAATTTTTGGAAGATTTATTTATTGGTTTCCATTATTTAGTGGTGTAAGAATAAATCAAAAATTATTAAAAATTCATTTTATTTTATTATTTTTAGGAGTTAACATAACTTTTTTTCCTCAACATTTTTTAGGATTGAGGGGTATACCACGGCGGTACTCTGATTATCCAGATGTTTATTTAAGGTGAAATTTATTGTCTTCAATTGGAGCATTTATTTCATTTATTTCTACTTTATTATTTATATATATTTTATGAGAAGCATTAATTAGTCAACGAACAGTTGTATTTTTAAAAAAAATAAATACTTCTTTAGAATGATTAGTTTCTTA"
"93",">DA1-H30","CATTAGGAATAGTATATGCAATAGTAACTATTGGAGTTATAGGATTTGTTGTATGAGGGCATCATATATTTACTGTTGGAATAGATGTAGATACTCGAGCATATTTTACTTCTGCTACAATAGTAATTGCCATTCCTACAGGAATTAAAATTTTTAGATGATTGGCTACAATAAGAGGTAGGAAGATTGAATTAAATGTTACAAATTTATGAGCTTTAGGATTTATTTTTTTATTCACTATTGGTGGGTTAACTGGAGTAGTATTAGCTAATTCATCTTTAGATATTATTCTTCATGATACTTATTATGTTGTTGCTCACTTTCATTATGTTTTATCAATAGGAGCTGTTTATGCAATTTTTGGAAGATTTATTTATTGGTTTCCATTATTTAGTGGTGTAAGAATAAATCAAAAATTATTAAAAATTCATTTTATTTTATTATTTTTAGGAGTTAACATAACTTTTTTTCCTCAACATTTTTTAGGGTTGAGGGGTATACCACGGCGGTACTCTGATTATCCAGATGTTTATTTAAGGTGAAATTTATTGTCTTCAATTGGGGCATTTATTTCATTTATTTCTACTTTATTATTCATATATATTTTATGAGAAGCATTAATTAGTCAACGAACAGTTGTATTTTTAAAAAAAATAAATACTTCTTTAGAATGATTAGTTTCTTA"
"94",">DA9-H31","CATTAGGAATAGTATATGCAATAGTAACTATTGGAGTTATAGGATTTGTTGTATGAGGGCATCATATATTTACTGTTGGAATAGATGTAGATACTCGAGCATATTTTACTTCTGCTACAATAGTAATTGCCATTCCTACAGGAATTAAAATTTTTAGATGATTGGCTACAATAAGAGGTAGGAAGATTGAATTAAATGTTACAAATTTATGAGCTTTAGGATTTATTTTTTTATTCACTATTGGTGGGTTAACTGGAGTAGTATTAGCTAATTCATCTTTAGATATTATTCTTCATGATACTTATTATGTTGTTGCTCATTTTCATTATGTTTTATCAATAGGAGCTGTTTATGCAATTTTTGGAAGATTTATTTATTGGTTTCCATTATTTAGTGGTGTAAGAATAAATCAAAAATTATTAAAAATTCATTTTATTTTATTATTTTTAGGAGTTAACATAACTTTTTTTCCTCAACATTTTTTAGGATTGAGGGGTATACCACGGCGGTACTCTGATTATCCAGATGTTTATTTAAGGTGAAATTTATTGTCTTCAATTGGGGCATTTATTTCATTTATTTCTACTTTATTATTCATATATATTTTATGAGAAGCATTAATTAGTCAACGAACAGTTGTATTTTTAAAAAAAATAAATACTTCTTTAGAATGATTAGTTTCTTA"
"95",">DA11-H32","CATTAGGAATAGTATATGCAATAGTAACTATTGGAGTTATAGGATTTGTTGTATGAGGGCATCATATATTTACTGTTGGAATAGATGTAGATACTCGAGCATATTTTACTTCTGCTACAATAGTAATTGCCATTCCTACAGGAATTAAAATTTTTAGATGATTGGCTACAATAAGAGGTAGGAAGATTGAATTAAATGTTACAAATTTATGAGCTTTAGGATTTATTTTTTTATTCACTATTGGTGGGTTAACTGGAGTAGTATTAGCTAATTCATCTTTAGATATTATTCTTCATGATACTTATTATGTTGTTGCTCATTTTCATTATGTTTTATCAATAGGAGCTGTTTATGCAATTTTTGGAAGATTTATTTATTGGTTTCCATTATTTAGTGGTGTAAGAATAAATCAAAAATTATTAAAAATTCATTTTATTTTACTATTTTTAGGAGTTAATATAACTTTTTTTCCTCAACATTTTTTAGGGTTGAGGGGTATACCACGGCGGTACTCTGATTATCCAGATGTTTATTTAAGGTGAAATTTATTGTCTTCAATTGGGGCATTTATTTCATTTATTTCTACTTTATTATTCATATATATTTTATGAGAAGCATTAATTAGTCAACGAACAGTTGTATTTTTAAAAAAAATAAATACTTCTTTAGAATGATTAGTTTCTTA"
"96",">DA20-H33","CATTAGGAATAGTATATGCAATAGTAACTATTGGAGTTATAGGATTTGTTGTATGAGGGCATCATATATTTACTGTTGGAATAGATGTAGATACTCGAGCATATTTTACTTCTGCTACAATAGTAATTGCCATTCCTACAGGAATTAAAATTTTTAGATGATTGGCTACAATAAGAGGTAGGAAGATTGAATTAAATGTTACAAATTTATGAGCTTTAGGATTTATTTTTTTATTCACTATTGGTGGGTTAACTGGAGTAGTATTAGCTAATTCATCTTTAGATATTATTCTTCATGATACTTATTATGTTGTTGCTCATTTTCATTATGTTTTATCAATAGGAGCTGTTTATGCAATTTTTGGAAGATTTATTTATTGGTTTCCATTATTTAGTGGTGTAAGAATAAATCAAAAATTATTAAAAATTCATTTTATTTTATTATTTTTAGGAGTTAACATAACTTTTTTTCCTCAACATTTTTTAGGGTTGAGGGGTATACCACGGCGGTACTCTGATTATCCAGATGTTTATTTAAGGTGAAATTTATTGTCTTCAATTGGGGCATTTATTTCATTTATTTCTACTTTATTATTCATATATATTTTATGAGAAGCATTAATTAGTCAACGAACAGTTGTATTTTTAAAAAAAATAAATACTTCTTTAGAATGATTAGTCTCTTA"
"97",">DA23-H34","CATTAGGAATAGTATATGCAATAGTAACTATTGGAGTTATAGGATTTGTTGTATGAGGGCATCATATATTTACTGTTGGAATAGATGTAGATACTCGAGCATATTTTACTTCTGCTACAATAGTAATTGCCATTCCTACAGGAATTAAAATTTTTAGATGATTGGCTACAATAAGAGGTAGGAAGATTGAATTAAATGTTACAAATTTATGAGCTTTAGGATTTATTTTTTTATTCACTATTGGTGGGTTAACTGGAGTAGTATTAGCTAATTCATCTTTAGATATTATTCTTCATGATACTTATTATGTTGTTGCTCATTTTCATTATGTTTTATCAATAGGAGCTGTTTATGCAATTTTTGGAAGATTTATTTATTGGTTTCCATTATTTAGTGGTGTAAGAATAAATCAAAAATTATTAAAAATTCATTTTATTTTATTATTTTTAGGAGTTAACATAACTTTTTTTCCTCAACATTTTTTAGGGTTGAGGGGTATACCACGGCGGTACTCTGATTATCCAGATGTTTATTTAAGGTGAAATTTATTGTCTTCAATTGGGGCATTTATTTCATTTATTTCTACTTTATTATTCATATATATTTTATGAGAAGCATTAATTAGTCAACGAACAGTTGTATTTTTAAAAAAAATAAATACTTCTTTAGAATGATTAGTTTCTTA"
"98",">DA58-H34","CATTAGGAATAGTATATGCAATAGTAACTATTGGAGTTATAGGATTTGTTGTATGAGGGCATCATATATTTACTGTTGGAATAGATGTAGATACTCGAGCATATTTTACTTCTGCTACAATAGTAATTGCCATTCCTACAGGAATTAAAATTTTTAGATGATTGGCTACAATAAGAGGTAGGAAGATTGAATTAAATGTTACAAATTTATGAGCTTTAGGATTTATTTTTTTATTCACTATTGGTGGGTTAACTGGAGTAGTATTAGCTAATTCATCTTTAGATATTATTCTTCATGATACTTATTATGTTGTTGCTCATTTTCATTATGTTTTATCAATAGGAGCTGTTTATGCAATTTTTGGAAGATTTATTTATTGGTTTCCATTATTTAGTGGTGTAAGAATAAATCAAAAATTATTAAAAATTCATTTTATTTTATTATTTTTAGGAGTTAACATAACTTTTTTTCCTCAACATTTTTTAGGGTTGAGGGGTATACCACGGCGGTACTCTGATTATCCAGATGTTTATTTAAGGTGAAATTTATTGTCTTCAATTGGGGCATTTATTTCATTTATTTCTACTTTATTATTCATATATATTTTATGAGAAGCATTAATTAGTCAACGAACAGTTGTATTTTTAAAAAAAATAAATACTTCTTTAGAATGATTAGTTTCTTA"
"99",">DA60-H34","CATTAGGAATAGTATATGCAATAGTAACTATTGGAGTTATAGGATTTGTTGTATGAGGGCATCATATATTTACTGTTGGAATAGATGTAGATACTCGAGCATATTTTACTTCTGCTACAATAGTAATTGCCATTCCTACAGGAATTAAAATTTTTAGATGATTGGCTACAATAAGAGGTAGGAAGATTGAATTAAATGTTACAAATTTATGAGCTTTAGGATTTATTTTTTTATTCACTATTGGTGGGTTAACTGGAGTAGTATTAGCTAATTCATCTTTAGATATTATTCTTCATGATACTTATTATGTTGTTGCTCATTTTCATTATGTTTTATCAATAGGAGCTGTTTATGCAATTTTTGGAAGATTTATTTATTGGTTTCCATTATTTAGTGGTGTAAGAATAAATCAAAAATTATTAAAAATTCATTTTATTTTATTATTTTTAGGAGTTAACATAACTTTTTTTCCTCAACATTTTTTAGGGTTGAGGGGTATACCACGGCGGTACTCTGATTATCCAGATGTTTATTTAAGGTGAAATTTATTGTCTTCAATTGGGGCATTTATTTCATTTATTTCTACTTTATTATTCATATATATTTTATGAGAAGCATTAATTAGTCAACGAACAGTTGTATTTTTAAAAAAAATAAATACTTCTTTAGAATGATTAGTTTCTTA"
"100",">DA62-H34","CATTAGGAATAGTATATGCAATAGTAACTATTGGAGTTATAGGATTTGTTGTATGAGGGCATCATATATTTACTGTTGGAATAGATGTAGATACTCGAGCATATTTTACTTCTGCTACAATAGTAATTGCCATTCCTACAGGAATTAAAATTTTTAGATGATTGGCTACAATAAGAGGTAGGAAGATTGAATTAAATGTTACAAATTTATGAGCTTTAGGATTTATTTTTTTATTCACTATTGGTGGGTTAACTGGAGTAGTATTAGCTAATTCATCTTTAGATATTATTCTTCATGATACTTATTATGTTGTTGCTCATTTTCATTATGTTTTATCAATAGGAGCTGTTTATGCAATTTTTGGAAGATTTATTTATTGGTTTCCATTATTTAGTGGTGTAAGAATAAATCAAAAATTATTAAAAATTCATTTTATTTTATTATTTTTAGGAGTTAACATAACTTTTTTTCCTCAACATTTTTTAGGGTTGAGGGGTATACCACGGCGGTACTCTGATTATCCAGATGTTTATTTAAGGTGAAATTTATTGTCTTCAATTGGGGCATTTATTTCATTTATTTCTACTTTATTATTCATATATATTTTATGAGAAGCATTAATTAGTCAACGAACAGTTGTATTTTTAAAAAAAATAAATACTTCTTTAGAATGATTAGTTTCTTA"
"101",">WN1-H30","CATTAGGAATAGTATATGCAATAGTAACTATTGGAGTTATAGGATTTGTTGTATGAGGGCATCATATATTTACTGTTGGAATAGATGTAGATACTCGAGCATATTTTACTTCTGCTACAATAGTAATTGCCATTCCTACAGGAATTAAAATTTTTAGATGATTGGCTACAATAAGAGGTAGGAAGATTGAATTAAATGTTACAAATTTATGAGCTTTAGGATTTATTTTTTTATTCACTATTGGTGGGTTAACTGGAGTAGTATTAGCTAATTCATCTTTAGATATTATTCTTCATGATACTTATTATGTTGTTGCTCACTTTCATTATGTTTTATCAATAGGAGCTGTTTATGCAATTTTTGGAAGATTTATTTATTGGTTTCCATTATTTAGTGGTGTAAGAATAAATCAAAAATTATTAAAAATTCATTTTATTTTATTATTTTTAGGAGTTAACATAACTTTTTTTCCTCAACATTTTTTAGGGTTGAGGGGTATACCACGGCGGTACTCTGATTATCCAGATGTTTATTTAAGGTGAAATTTATTGTCTTCAATTGGGGCATTTATTTCATTTATTTCTACTTTATTATTCATATATATTTTATGAGAAGCATTAATTAGTCAACGAACAGTTGTATTTTTAAAAAAAATAAATACTTCTTTAGAATGATTAGTTTCTTA"
"102",">WN6-H30","CATTAGGAATAGTATATGCAATAGTAACTATTGGAGTTATAGGATTTGTTGTATGAGGGCATCATATATTTACTGTTGGAATAGATGTAGATACTCGAGCATATTTTACTTCTGCTACAATAGTAATTGCCATTCCTACAGGAATTAAAATTTTTAGATGATTGGCTACAATAAGAGGTAGGAAGATTGAATTAAATGTTACAAATTTATGAGCTTTAGGATTTATTTTTTTATTCACTATTGGTGGGTTAACTGGAGTAGTATTAGCTAATTCATCTTTAGATATTATTCTTCATGATACTTATTATGTTGTTGCTCACTTTCATTATGTTTTATCAATAGGAGCTGTTTATGCAATTTTTGGAAGATTTATTTATTGGTTTCCATTATTTAGTGGTGTAAGAATAAATCAAAAATTATTAAAAATTCATTTTATTTTATTATTTTTAGGAGTTAACATAACTTTTTTTCCTCAACATTTTTTAGGGTTGAGGGGTATACCACGGCGGTACTCTGATTATCCAGATGTTTATTTAAGGTGAAATTTATTGTCTTCAATTGGGGCATTTATTTCATTTATTTCTACTTTATTATTCATATATATTTTATGAGAAGCATTAATTAGTCAACGAACAGTTGTATTTTTAAAAAAAATAAATACTTCTTTAGAATGATTAGTTTCTTA"
"103",">WN8-H30","CATTAGGAATAGTATATGCAATAGTAACTATTGGAGTTATAGGATTTGTTGTATGAGGGCATCATATATTTACTGTTGGAATAGATGTAGATACTCGAGCATATTTTACTTCTGCTACAATAGTAATTGCCATTCCTACAGGAATTAAAATTTTTAGATGATTGGCTACAATAAGAGGTAGGAAGATTGAATTAAATGTTACAAATTTATGAGCTTTAGGATTTATTTTTTTATTCACTATTGGTGGGTTAACTGGAGTAGTATTAGCTAATTCATCTTTAGATATTATTCTTCATGATACTTATTATGTTGTTGCTCACTTTCATTATGTTTTATCAATAGGAGCTGTTTATGCAATTTTTGGAAGATTTATTTATTGGTTTCCATTATTTAGTGGTGTAAGAATAAATCAAAAATTATTAAAAATTCATTTTATTTTATTATTTTTAGGAGTTAACATAACTTTTTTTCCTCAACATTTTTTAGGGTTGAGGGGTATACCACGGCGGTACTCTGATTATCCAGATGTTTATTTAAGGTGAAATTTATTGTCTTCAATTGGGGCATTTATTTCATTTATTTCTACTTTATTATTCATATATATTTTATGAGAAGCATTAATTAGTCAACGAACAGTTGTATTTTTAAAAAAAATAAATACTTCTTTAGAATGATTAGTTTCTTA"
"104",">WN10-H31","CATTAGGAATAGTATATGCAATAGTAACTATTGGAGTTATAGGATTTGTTGTATGAGGGCATCATATATTTACTGTTGGAATAGATGTAGATACTCGAGCATATTTTACTTCTGCTACAATAGTAATTGCCATTCCTACAGGAATTAAAATTTTTAGATGATTGGCTACAATAAGAGGTAGGAAGATTGAATTAAATGTTACAAATTTATGAGCTTTAGGATTTATTTTTTTATTCACTATTGGTGGGTTAACTGGAGTAGTATTAGCTAATTCATCTTTAGATATTATTCTTCATGATACTTATTATGTTGTTGCTCATTTTCATTATGTTTTATCAATAGGAGCTGTTTATGCAATTTTTGGAAGATTTATTTATTGGTTTCCATTATTTAGTGGTGTAAGAATAAATCAAAAATTATTAAAAATTCATTTTATTTTATTATTTTTAGGAGTTAACATAACTTTTTTTCCTCAACATTTTTTAGGATTGAGGGGTATACCACGGCGGTACTCTGATTATCCAGATGTTTATTTAAGGTGAAATTTATTGTCTTCAATTGGGGCATTTATTTCATTTATTTCTACTTTATTATTCATATATATTTTATGAGAAGCATTAATTAGTCAACGAACAGTTGTATTTTTAAAAAAAATAAATACTTCTTTAGAATGATTAGTTTCTTA"
"105",">WN5-H34","CATTAGGAATAGTATATGCAATAGTAACTATTGGAGTTATAGGATTTGTTGTATGAGGGCATCATATATTTACTGTTGGAATAGATGTAGATACTCGAGCATATTTTACTTCTGCTACAATAGTAATTGCCATTCCTACAGGAATTAAAATTTTTAGATGATTGGCTACAATAAGAGGTAGGAAGATTGAATTAAATGTTACAAATTTATGAGCTTTAGGATTTATTTTTTTATTCACTATTGGTGGGTTAACTGGAGTAGTATTAGCTAATTCATCTTTAGATATTATTCTTCATGATACTTATTATGTTGTTGCTCATTTTCATTATGTTTTATCAATAGGAGCTGTTTATGCAATTTTTGGAAGATTTATTTATTGGTTTCCATTATTTAGTGGTGTAAGAATAAATCAAAAATTATTAAAAATTCATTTTATTTTATTATTTTTAGGAGTTAACATAACTTTTTTTCCTCAACATTTTTTAGGGTTGAGGGGTATACCACGGCGGTACTCTGATTATCCAGATGTTTATTTAAGGTGAAATTTATTGTCTTCAATTGGGGCATTTATTTCATTTATTTCTACTTTATTATTCATATATATTTTATGAGAAGCATTAATTAGTCAACGAACAGTTGTATTTTTAAAAAAAATAAATACTTCTTTAGAATGATTAGTTTCTTA"
"106",">WN2-H35","CATTAGGAATAGTATATGCAATAGTAACTATTGGAGTTATAGGATTTGTTGTATGAGGGCATCATATATTTACTGTTGGAATAGATGTAGATACTCGAGCATATTTTACTTCTGCTACAATAGTAATTGCCATTCCTACAGGAATTAAAATTTTTAGATGATTGGCTACAATAAGAGGTAGGAAGATTGAATTAAATGTTACAAATTTATGAGCTTTAGGATTTATTTTTTTATTCACTATTGGTGGGTTAACTGGAGTAGTATTAGCTAATTCATCTTTAGATATTATTCTTCATGATACTTATTATGTTGTTGCTCATTTTCATTATGTTTTATCAATAGGAGCTGTTTATGCAATTTTTGGAAGATTTATTTATTGGTTTCCATTATTTAGTGGTGTAAGAATAAATCAAAAATTATTAAAAATTCATTTTATTTTATTATTTTTAGGAGTTAATATAACTTTTTTTCCTCAACATTTTTTAGGGTTGAGGGGTATACCACGGCGGTACTCTGATTATCCAGATGTTTATTTAAGGTGAAATTTATTGTCTTCAATTGGGGCATTTATTTCATTTATTTCTACTTTATTATTCATATATATTTTATGAGAAGCATTAATTAGTCAACGAACAGTTGTATTTTTAAAAAAAATAAATACTTCTTTAGAATGATTAGTTTCTTA"
"107",">WN3-H35","CATTAGGAATAGTATATGCAATAGTAACTATTGGAGTTATAGGATTTGTTGTATGAGGGCATCATATATTTACTGTTGGAATAGATGTAGATACTCGAGCATATTTTACTTCTGCTACAATAGTAATTGCCATTCCTACAGGAATTAAAATTTTTAGATGATTGGCTACAATAAGAGGTAGGAAGATTGAATTAAATGTTACAAATTTATGAGCTTTAGGATTTATTTTTTTATTCACTATTGGTGGGTTAACTGGAGTAGTATTAGCTAATTCATCTTTAGATATTATTCTTCATGATACTTATTATGTTGTTGCTCATTTTCATTATGTTTTATCAATAGGAGCTGTTTATGCAATTTTTGGAAGATTTATTTATTGGTTTCCATTATTTAGTGGTGTAAGAATAAATCAAAAATTATTAAAAATTCATTTTATTTTATTATTTTTAGGAGTTAATATAACTTTTTTTCCTCAACATTTTTTAGGGTTGAGGGGTATACCACGGCGGTACTCTGATTATCCAGATGTTTATTTAAGGTGAAATTTATTGTCTTCAATTGGGGCATTTATTTCATTTATTTCTACTTTATTATTCATATATATTTTATGAGAAGCATTAATTAGTCAACGAACAGTTGTATTTTTAAAAAAAATAAATACTTCTTTAGAATGATTAGTTTCTTA"
"108",">WN9- H35","CATTAGGAATAGTATATGCAATAGTAACTATTGGAGTTATAGGATTTGTTGTATGAGGGCATCATATATTTACTGTTGGAATAGATGTAGATACTCGAGCATATTTTACTTCTGCTACAATAGTAATTGCCATTCCTACAGGAATTAAAATTTTTAGATGATTGGCTACAATAAGAGGTAGGAAGATTGAATTAAATGTTACAAATTTATGAGCTTTAGGATTTATTTTTTTATTCACTATTGGTGGGTTAACTGGAGTAGTATTAGCTAATTCATCTTTAGATATTATTCTTCATGATACTTATTATGTTGTTGCTCATTTTCATTATGTTTTATCAATAGGAGCTGTTTATGCAATTTTTGGAAGATTTATTTATTGGTTTCCATTATTTAGTGGTGTAAGAATAAATCAAAAATTATTAAAAATTCATTTTATTTTATTATTTTTAGGAGTTAATATAACTTTTTTTCCTCAACATTTTTTAGGGTTGAGGGGTATACCACGGCGGTACTCTGATTATCCAGATGTTTATTTAAGGTGAAATTTATTGTCTTCAATTGGGGCATTTATTTCATTTATTTCTACTTTATTATTCATATATATTTTATGAGAAGCATTAATTAGTCAACGAACAGTTGTATTTTTAAAAAAAATAAATACTTCTTTAGAATGATTAGTTTCTTA"
"109",">WN4-H36","CATTAGGAATAGTATATGCAATAGTAACTATTGGAGTTATAGGATTTGTTGTATGAGGGCATCATATATTTACTGTTGGAATAGATGTAGATACTCGAGCATATTTTACTTCTGCTACAATAGTAATTGCCATTCCTACAGGAATTAAAATTTTTAGATGATTGGCTACAATAAGAGGTAGGAAGATTGAATTAAATGTTACAAATTTATGAGCTTTAGGATTTATTTTTTTATTCACTATTGGTGGGTTAACTGGAGTAGTATTAGCTAATTCATCTTTAGATATTATTCTTCATGATACTTATTATGTTGTTGCTCATTTTCATTATGTTTTATCAATAGGAGCTGTTTATGCAATTTTTGGAAGATTTATTTATTGGTTTCCATTATTTAGGGGTGTAAGAATAAATCAAAAATTATTAAAAATTCATTTTATTTTATTATTTTTAGGAGTTAACATAACTTTTTTTCCTCAACATTTTTTAGGATTGAGGGGTATACCACGGCGGTACTCTGATTATCCAGATGTTTATTTAAGGTGAAATTTATTGTCTTCAATTGGGGCATTTATTTCATTTATTTCTACTTTATTATTCATATATATTTTATGAGAAGCATTAATTAGTCAACGAACAGTTGTATTTTTAAAAAAAATAAATACTTCTTTAGAATGATTAGTTTCTTA"
"110",">WN7-H37","CATTAGGAATAGTATATGCAATAGTAACTATTGGAGTTATAGGATTTGTTGTATGAGGGCATCATATATTTACTGTTGGAATAGATGTAGATACTCGAGCATATTTTACTTCTGCTACAATAGTAATTGCCATTCCTACAGGAATTAAAATTTTTAGATGATTGGCTACAATAAGAGGTAGGAAGATTGAATTAAATGTTACAAATTTATGAGCTTTAGGATTTATTTTTTTATTCACTATTGGTGGGTTAACTGGAGTAGTATTAGCTAATTCATCTTTAGATATTATTCTTCATGATACTTATTATGTTGTTGCTCATTTTCATTATGTTTTATCAATAGGGGCTGTTTATGCAATTTTTGGAAGATTTATTTATTGGTTTCCATTATTTAGTGGTGTAAGAATAAATCAAAAATTATTAAAAATTCATTTTATTTTATTATTTTTAGGAGTTAACATAACTTTTTTTCCTCAACATTTTTTAGGGTTGAGGGGTATACCACGGCGGTACTCTGATTATCCAGATGTTTATTTAAGGTGAAATTTATTGTCTTCAATTGGAGCATTTATTTCATTTATTTCTACTTTATTATTCATATATATTTTATGAGAAGCATTAATTAGTCAACGAACAGTTGTATTTTTAAAAAAAATAAATACTTCTTTAGAATGATTAGTTTCTTA"
